id,idade,renda,categoria,nota,feedback,cidade_Belo Horizonte,cidade_Rio de Janeiro,cidade_São Paulo,cidade_Vitória,cidade_nan
1,-1.108212146404474,0.6110286373145221,A,-0.818062230632962,Regular,1.0,0.0,0.0,0.0,0.0
2,0.5833369288159092,-1.3114024299295226,A,-1.1571358428436824,Ruim,0.0,0.0,1.0,0.0,0.0
3,0.5229244618437526,0.09303262403644595,B,0.9451205528627831,Regular,0.0,0.0,0.0,1.0,0.0
4,0.5229244618437526,1.5322435719828722,B,1.4876383323999356,Regular,0.0,0.0,1.0,0.0,0.0
5,0.9458117306488484,-0.7754037984878975,A,-0.3772665347590259,Ruim,0.0,0.0,0.0,1.0,0.0
6,0.4020995278994395,-1.2344047998952972,B,-0.004285561327233582,Ruim,0.0,0.0,0.0,1.0,0.0
7,1.4291114664261007,0.8214072278054414,B,1.4198236099577912,Ruim,0.0,1.0,0.0,0.0,0.0
8,0.22086212698296986,1.1572243682646188,A,0.4365101345467027,Ruim,0.0,0.0,1.0,0.0,0.0
9,-0.6249124106272216,-0.4094516656145026,A,1.4537309711788635,Ruim,0.0,1.0,0.0,0.0,0.0
10,1.006224197621005,0.4496922171629785,A,1.1485647201892153,Bom,0.0,0.0,1.0,0.0,0.0
11,-1.4706869482374134,-0.5241294438192801,B,0.02962179989383832,Regular,0.0,0.0,1.0,0.0,0.0
12,-1.2290370803487871,1.281471154036572,B,-0.9197843142961782,Ruim,1.0,0.0,0.0,0.0,0.0
13,1.5499364003704135,-1.169144973533235,B,-0.03819292254830549,Bom,1.0,0.0,0.0,0.0,0.0
14,0.7041618627602223,0.07151108050948435,B,1.0129352753049272,Ruim,0.0,0.0,1.0,0.0,0.0
15,1.3082865324817876,-1.5536419235964247,A,0.6738616630942069,Ruim,0.0,0.0,1.0,0.0,0.0
16,-0.8665622785158477,-0.8723688471174167,A,0.06352916111491054,Ruim,0.0,0.0,1.0,0.0,0.0
17,-0.322850075766439,-1.1433851514793247,A,-0.9875990367383222,Bom,1.0,0.0,0.0,0.0,0.0
18,-1.9539866840146656,6.886840105979794,B,2.57267389147424,Ruim,0.0,1.0,0.0,0.0,0.0
19,-0.2624376087942824,-1.4957205731638603,A,-0.682432785748674,Regular,0.0,0.0,0.0,1.0,0.0
20,-0.2020251418221259,0.8347689444027495,B,1.3520088875156473,Regular,0.0,0.0,0.0,1.0,0.0
21,-1.4706869482374134,-0.5926344118780367,A,0.09743652233598243,Ruim,1.0,0.0,0.0,0.0,0.0
22,1.4895239333982573,1.081818441312395,B,0.7755837467574229,Ruim,0.0,0.0,0.0,1.0,0.0
23,0.28127459395512644,-1.2190084948727664,A,-0.17382236743259372,Bom,0.0,0.0,0.0,1.0,0.0
24,-0.6853248775993782,-0.5233886174269825,B,0.2669733284413426,Regular,1.0,0.0,0.0,0.0,0.0
25,-1.108212146404474,0.25815370075733524,B,0.8094911079784951,Regular,0.0,0.0,1.0,0.0,0.0
26,1.1874615985374743,-0.35872653097088597,B,-1.4623020938333307,Regular,0.0,0.0,1.0,0.0,0.0
27,0.6437493957880657,-0.5054262615673634,A,1.3181015262945754,Bom,1.0,0.0,0.0,0.0,0.0
28,-0.9873872124601608,0.8390662743087941,B,-0.004285561327233582,Ruim,0.0,0.0,1.0,0.0,0.0
29,1.127049131565318,1.4114727651168073,B,0.5043248569888469,Ruim,0.0,0.0,0.0,1.0,0.0
30,0.8249867967045352,1.0429921595566582,A,-0.2755444510958097,Ruim,0.0,1.0,0.0,0.0,0.0
31,-0.6249124106272216,0.318453211275319,A,-0.580710702085458,Bom,0.0,0.0,0.0,1.0,0.0
32,0.22086212698296986,-0.6355271863306241,A,-0.8858769530751062,Bom,1.0,0.0,0.0,0.0,0.0
33,1.127049131565318,-0.32401505667671465,A,1.1824720814102871,Ruim,0.0,1.0,0.0,0.0,0.0
34,0.9458117306488484,0.21396716427182283,A,-1.2249505652858266,Ruim,0.0,0.0,0.0,0.0,1.0
35,-0.6249124106272216,-1.16278889781961,A,-0.648525424527602,Ruim,0.0,0.0,1.0,0.0,0.0
36,0.03962472606650026,-0.8565752873627845,A,1.1485647201892153,Bom,0.0,0.0,0.0,1.0,0.0
37,-1.2290370803487871,-0.19433822818150798,A,-1.1910432040647545,Ruim,0.0,0.0,1.0,0.0,0.0
38,0.6437493957880657,0.4159685113918706,B,0.8773058304206389,Regular,0.0,1.0,0.0,0.0,0.0
39,-1.2290370803487871,0.01908687664005476,B,-0.2416370898747378,Bom,0.0,1.0,0.0,0.0,0.0
40,0.1000371930386568,-0.3141346872924859,A,0.5043248569888469,Ruim,0.0,0.0,0.0,1.0,0.0
41,0.8249867967045352,0.18230220430829508,B,-1.4283947326122588,Bom,1.0,0.0,0.0,0.0,0.0
42,-0.6249124106272216,-0.767990166257732,B,-0.03819292254830549,Bom,0.0,0.0,1.0,0.0,0.0
43,-1.5310994152095696,1.2414235823949822,B,-1.0215063979593944,Bom,0.0,1.0,0.0,0.0,0.0
44,0.4020995278994395,-0.6109537601658283,B,-1.5640241774965467,Regular,0.0,1.0,0.0,0.0,0.0
45,-0.08120020787781282,-0.016585524641227097,A,0.19915860599919843,Regular,0.0,0.0,1.0,0.0,0.0
46,0.7645743297323787,0.4329511511892124,A,0.8773058304206389,Ruim,0.0,0.0,0.0,0.0,1.0
47,0.9458117306488484,0.1369587976232163,B,-1.6318388999386908,Ruim,1.0,0.0,0.0,0.0,0.0
48,-1.4102744812652568,1.3279767992284073,A,-1.6318388999386908,Bom,1.0,0.0,0.0,0.0,0.0
49,0.6437493957880657,-1.5908389241198262,B,-0.17382236743259372,Ruim,1.0,0.0,0.0,0.0,0.0
50,-1.6519243491538829,0.1965040609809258,B,1.6571751385052955,Bom,1.0,0.0,0.0,0.0,0.0
51,-0.322850075766439,-0.9636998573504416,,0.9451205528627831,Regular,0.0,1.0,0.0,0.0,0.0
52,0.22086212698296986,-1.5319942248504852,B,-0.9875990367383222,Bom,1.0,0.0,0.0,0.0,0.0
53,0.03962472606650026,-1.5472187440429177,B,0.8773058304206389,Regular,0.0,0.0,1.0,0.0,0.0
54,-0.9269747454880043,0.34915724425173605,A,-1.4283947326122588,Regular,0.0,0.0,0.0,1.0,0.0
55,1.4291114664261007,0.18408448229556137,A,-0.2077297286536656,Ruim,0.0,0.0,1.0,0.0,0.0
56,0.462511994871596,-0.3267072627327812,B,0.16525124477812653,Ruim,0.0,1.0,0.0,0.0,0.0
57,1.3082865324817876,0.9129717594012554,A,-0.2755444510958097,Bom,0.0,0.0,1.0,0.0,0.0
58,-0.5644999436550651,-0.9132404539127575,A,-1.4623020938333307,Regular,0.0,0.0,0.0,1.0,0.0
59,0.4020995278994395,-0.6972546665612969,A,1.3520088875156473,Ruim,0.0,0.0,1.0,0.0,0.0
60,1.4291114664261007,0.6430103274022932,A,-0.8858769530751062,Bom,0.0,1.0,0.0,0.0,0.0
61,0.9458117306488484,-0.38309059315524974,A,1.1146573589681434,Bom,0.0,0.0,1.0,0.0,0.0
62,-1.6519243491538829,-1.0679899611414823,B,-0.1399150062115218,Regular,0.0,1.0,0.0,0.0,0.0
63,1.4291114664261007,-1.1763089794790393,B,0.16525124477812653,Regular,1.0,0.0,0.0,0.0,0.0
64,1.247874065509631,0.731906810324398,B,-0.5128959796433139,Bom,0.0,0.0,1.0,0.0,0.0
65,0.1000371930386568,-0.09001323039372876,A,-0.716340146969746,Bom,0.0,1.0,0.0,0.0,0.0
66,-0.443675009710752,0.5407870218796189,B,-0.07210028376937769,Regular,0.0,0.0,0.0,1.0,0.0
67,-1.4706869482374134,-0.5800510998233602,A,1.3181015262945754,Regular,1.0,0.0,0.0,0.0,0.0
68,1.4895239333982573,-0.024909084940192942,A,-0.648525424527602,Ruim,1.0,0.0,0.0,0.0,0.0
69,-1.4706869482374134,-0.4024916553419396,A,-0.9536916755172501,Bom,0.0,1.0,0.0,0.0,0.0
70,0.5229244618437526,-0.548772657977553,A,0.23306596722027062,Bom,0.0,0.0,1.0,0.0,0.0
71,-2.4372864197919175,6.18795629776215,B,2.3353223629267363,Bom,0.0,0.0,1.0,0.0,0.0
72,-1.1686246133766305,0.6297130304912719,A,1.6571751385052955,Bom,1.0,0.0,0.0,0.0,0.0
73,-0.8061498115436911,-0.5901166758056633,A,1.2163794426313592,Regular,0.0,1.0,0.0,0.0,0.0
74,0.5229244618437526,-1.5841016985956713,A,-0.4789886184222419,Regular,1.0,0.0,0.0,0.0,0.0
75,-0.9269747454880043,0.9052065030501084,B,-1.1232284816226104,Ruim,0.0,1.0,0.0,0.0,0.0
76,-0.5040874766829085,-0.9498174149556492,A,-0.8858769530751062,Ruim,1.0,0.0,0.0,0.0,0.0
77,-1.108212146404474,-1.340742912879537,A,0.23306596722027062,Bom,0.0,0.0,1.0,0.0,0.0
78,-0.9269747454880043,-0.060412384544972074,B,0.5382322182099187,Regular,0.0,1.0,0.0,0.0,0.0
79,1.368698999453944,-0.14663545048617763,B,-0.2416370898747378,Bom,0.0,0.0,0.0,0.0,1.0
80,1.127049131565318,1.2182459160997328,B,0.7077690243152789,Bom,0.0,0.0,1.0,0.0,0.0
81,-0.5644999436550651,-0.24427422166811213,A,1.2841941650735036,Regular,1.0,0.0,0.0,0.0,0.0
82,1.5499364003704135,-0.7590116724815177,B,-1.5301168162754748,Ruim,0.0,1.0,0.0,0.0,0.0
83,-0.6853248775993782,-0.0019622558541371204,A,1.2163794426313592,Bom,0.0,1.0,0.0,0.0,0.0
84,0.5229244618437526,0.2698458738183788,A,-0.17382236743259372,Regular,1.0,0.0,0.0,0.0,0.0
85,0.7645743297323787,-0.9543321613029115,A,-1.5164413911890214e-17,Regular,0.0,1.0,0.0,0.0,0.0
86,1.1874615985374743,-1.2359401357517978,B,-0.004285561327233582,Bom,0.0,0.0,0.0,1.0,0.0
87,-0.5040874766829085,-0.8762501332161928,B,-0.41117389598009796,Regular,0.0,0.0,0.0,1.0,0.0
88,-0.8665622785158477,1.359228399538262,B,-0.1399150062115218,Ruim,1.0,0.0,0.0,0.0,0.0
89,-0.14161267484996937,0.5392355811015465,A,0.3347880508834867,Regular,0.0,1.0,0.0,0.0,0.0
90,-1.6519243491538829,-1.329005109207374,B,-0.4789886184222419,Ruim,0.0,0.0,1.0,0.0,0.0
91,-0.8061498115436911,-1.4004009106882482,B,0.23306596722027062,Bom,0.0,0.0,1.0,0.0,0.0
92,1.127049131565318,0.0332672600839235,A,0.9112131916417111,Bom,0.0,0.0,1.0,0.0,0.0
93,0.5833369288159092,-0.17303141694216914,B,-0.9875990367383222,Bom,0.0,0.0,1.0,0.0,0.0
94,-1.5915118821817262,0.9026404522130197,B,0.19915860599919843,Regular,0.0,0.0,0.0,1.0,0.0
95,0.7645743297323787,-0.1050069123769675,A,0.36869541210455853,Regular,0.0,1.0,0.0,0.0,0.0
96,0.5833369288159092,1.280400176752055,A,-0.9536916755172501,Regular,0.0,0.0,1.0,0.0,0.0
97,1.247874065509631,-0.5363826049817368,A,-1.5164413911890214e-17,Regular,0.0,1.0,0.0,0.0,0.0
98,0.462511994871596,-1.386864724107247,B,-0.8858769530751062,Bom,0.0,0.0,1.0,0.0,0.0
99,0.28127459395512644,-1.0480037534710214,A,-0.3772665347590259,Bom,0.0,0.0,0.0,1.0,0.0
100,1.0666366645931613,-0.9471815761250835,B,1.4537309711788635,Regular,1.0,0.0,0.0,0.0,0.0
101,-0.5040874766829085,0.4084958277826088,B,0.5043248569888469,Bom,0.0,1.0,0.0,0.0,0.0
102,-1.5310994152095696,0.07427039040543296,A,-0.546803340864386,Regular,0.0,1.0,0.0,0.0,0.0
103,0.462511994871596,-1.4898073827934566,B,0.9790279140838553,Bom,0.0,0.0,0.0,1.0,0.0
104,-1.5915118821817262,1.067640742022122,A,-0.2077297286536656,Regular,0.0,0.0,0.0,1.0,0.0
105,0.5833369288159092,-0.09926282368306644,A,-1.3944873713911865,Ruim,0.0,1.0,0.0,0.0,0.0
106,-0.14161267484996937,0.051742289280241285,B,-0.17382236743259372,Regular,1.0,0.0,0.0,0.0,0.0
107,-1.3498620142931002,0.9249538210505893,B,-1.1232284816226104,Regular,1.0,0.0,0.0,0.0,0.0
108,-1.108212146404474,1.5081210836220833,A,1.5215456936210074,Ruim,0.0,1.0,0.0,0.0,0.0
109,-1.4706869482374134,0.4915891706317167,B,-1.4962094550544027,Bom,1.0,0.0,0.0,0.0,0.0
110,-1.5915118821817262,1.5268001084916425,B,0.5382322182099187,Bom,0.0,0.0,0.0,1.0,0.0
111,0.03962472606650026,-0.9299224685074279,B,1.4198236099577912,Ruim,1.0,0.0,0.0,0.0,0.0
112,-0.6853248775993782,1.0042383499479937,A,-1.0554137591804664,Ruim,0.0,0.0,0.0,1.0,0.0
113,0.22086212698296986,-1.4483935769718692,B,0.7755837467574229,Regular,0.0,1.0,0.0,0.0,0.0
114,-0.443675009710752,-1.1295402872348663,B,-0.8858769530751062,Regular,0.0,0.0,0.0,1.0,0.0
115,-0.9269747454880043,0.3099954432965891,A,-0.9197843142961782,Regular,0.0,1.0,0.0,0.0,0.0
116,0.7041618627602223,-0.5512340268244256,B,1.2163794426313592,Ruim,1.0,0.0,0.0,0.0,0.0
117,0.34168706092728296,-0.18382708270238837,B,1.250286803852431,Regular,0.0,1.0,0.0,0.0,0.0
118,-1.2290370803487871,0.818994173723284,B,0.06352916111491054,Ruim,0.0,0.0,1.0,0.0,0.0
119,1.4895239333982573,1.2665633649683827,B,-0.10600764499044958,Regular,0.0,0.0,0.0,1.0,0.0
120,-0.9873872124601608,0.6206862219503427,B,-0.6146180633065299,Regular,0.0,1.0,0.0,0.0,0.0
121,0.8249867967045352,-0.8698886891953773,A,0.36869541210455853,Regular,0.0,0.0,1.0,0.0,0.0
122,1.1874615985374743,-0.48037774021620283,A,0.19915860599919843,Bom,0.0,0.0,1.0,0.0,0.0
123,0.5833369288159092,0.83572987138986,B,-0.9536916755172501,Bom,0.0,1.0,0.0,0.0,0.0
124,0.5229244618437526,-0.7685860483558844,A,1.1485647201892153,Bom,0.0,0.0,0.0,1.0,0.0
125,1.5499364003704135,-1.2522463688431287,A,0.5382322182099187,Ruim,0.0,0.0,0.0,1.0,0.0
126,1.0666366645931613,-0.9033332429925761,B,1.4537309711788635,Bom,0.0,0.0,1.0,0.0,0.0
127,-0.6249124106272216,-0.6753680781453771,A,-0.78415486941189,Bom,0.0,0.0,0.0,1.0,0.0
128,-1.6519243491538829,0.42254200354671323,A,1.4876383323999356,Regular,0.0,0.0,0.0,1.0,0.0
129,0.5833369288159092,-1.0242436258455956,A,1.4876383323999356,Bom,1.0,0.0,0.0,0.0,0.0
130,-1.1686246133766305,0.6765407741145412,B,-0.41117389598009796,Regular,0.0,0.0,1.0,0.0,0.0
131,1.0666366645931613,0.8395306328807776,A,0.09743652233598243,Ruim,0.0,1.0,0.0,0.0,0.0
132,-1.4706869482374134,0.5864391062281549,B,0.36869541210455853,Regular,0.0,0.0,0.0,1.0,0.0
133,-1.5310994152095696,1.4192809679254792,A,0.7755837467574229,Ruim,0.0,1.0,0.0,0.0,0.0
134,1.127049131565318,0.9892473521183501,B,-1.3944873713911865,Ruim,0.0,0.0,0.0,1.0,0.0
135,0.8853992636766919,0.22142105880591753,B,-1.4623020938333307,Bom,0.0,1.0,0.0,0.0,0.0
136,-0.6249124106272216,-0.13084457488514065,B,-1.6657462611597629,Ruim,0.0,1.0,0.0,0.0,0.0
137,0.8853992636766919,-0.8529302067803932,A,-0.648525424527602,Bom,0.0,1.0,0.0,0.0,0.0
138,0.1000371930386568,-1.1257341574367583,B,1.3520088875156473,Ruim,0.0,0.0,1.0,0.0,0.0
139,-0.02078774090565627,-0.8809527703151248,A,0.36869541210455853,Bom,0.0,1.0,0.0,0.0,0.0
140,0.28127459395512644,-0.25873107293229475,B,0.8773058304206389,Regular,1.0,0.0,0.0,0.0,0.0
141,0.4020995278994395,-0.06425340833981902,A,0.8433984691995671,Ruim,0.0,0.0,1.0,0.0,0.0
142,0.8249867967045352,0.8212622835112965,A,0.47041749576777486,Bom,1.0,0.0,0.0,0.0,0.0
143,-0.02078774090565627,-0.859581539389499,B,0.8094911079784951,Regular,0.0,0.0,0.0,1.0,0.0
144,0.8249867967045352,0.9804540649402107,B,-0.580710702085458,Ruim,1.0,0.0,0.0,0.0,0.0
145,0.4020995278994395,-0.013026336973884682,A,-1.4623020938333307,Regular,0.0,0.0,1.0,0.0,0.0
146,-1.2290370803487871,-1.4019738246950826,B,-1.6318388999386908,Ruim,0.0,0.0,1.0,0.0,0.0
147,0.4020995278994395,0.028454572687584927,B,0.6738616630942069,Bom,0.0,0.0,0.0,1.0,0.0
148,0.03962472606650026,-0.6221278915829822,A,-0.7502475081908181,Bom,0.0,0.0,0.0,1.0,0.0
149,0.22086212698296986,-0.2134118236295735,A,0.47041749576777486,Ruim,0.0,0.0,1.0,0.0,0.0
150,-1.3498620142931002,0.2099328814181156,A,-0.2416370898747378,Ruim,1.0,0.0,0.0,0.0,0.0
151,-0.6853248775993782,-0.6786132198420717,A,-0.4789886184222419,Ruim,0.0,0.0,1.0,0.0,0.0
152,-0.7457373445715347,-0.6926620797597712,A,1.4876383323999356,Bom,0.0,0.0,1.0,0.0,0.0
153,0.03962472606650026,0.044001190311451395,A,0.36869541210455853,Ruim,1.0,0.0,0.0,0.0,0.0
154,0.28127459395512644,0.9028202905039034,B,0.3347880508834867,Ruim,0.0,0.0,0.0,1.0,0.0
155,-0.6853248775993782,1.5001571999048853,A,-1.1910432040647545,Bom,0.0,1.0,0.0,0.0,0.0
156,-1.2290370803487871,0.9582641671680242,B,-0.9536916755172501,Bom,0.0,1.0,0.0,0.0,0.0
157,-1.6519243491538829,0.9860183153432277,B,-1.1910432040647545,Bom,1.0,0.0,0.0,0.0,0.0
158,1.127049131565318,1.3927507937897237,B,-1.3944873713911865,Ruim,0.0,0.0,0.0,1.0,0.0
159,0.1000371930386568,0.24335327783295702,B,-0.2416370898747378,Regular,1.0,0.0,0.0,0.0,0.0
160,0.5229244618437526,1.1993118966386216,A,0.19915860599919843,Regular,0.0,0.0,0.0,1.0,0.0
161,-1.2894495473209437,0.7441868130228078,A,0.4365101345467027,Regular,1.0,0.0,0.0,0.0,0.0
162,0.7645743297323787,-1.5655595655594714,B,-0.78415486941189,Regular,1.0,0.0,0.0,0.0,0.0
163,1.006224197621005,-0.8748865831897902,A,-0.6146180633065299,Ruim,0.0,0.0,1.0,0.0,0.0
164,-1.2894495473209437,0.796704962268072,A,-1.0554137591804664,Bom,0.0,0.0,1.0,0.0,0.0
165,0.5229244618437526,0.6023937151985037,B,-0.1399150062115218,Ruim,0.0,1.0,0.0,0.0,0.0
166,1.3082865324817876,-1.0662640503797167,,0.8094911079784951,Regular,0.0,0.0,0.0,1.0,0.0
167,0.9458117306488484,-1.4355660069400222,B,-0.2077297286536656,Regular,0.0,0.0,0.0,1.0,0.0
168,-1.1686246133766305,-0.29003098800686417,A,-0.4450812572011698,Ruim,1.0,0.0,0.0,0.0,0.0
169,0.9458117306488484,1.2183210724004003,A,-0.004285561327233582,Regular,0.0,0.0,0.0,1.0,0.0
170,-0.2020251418221259,-0.34768392307990065,A,-1.4623020938333307,Ruim,1.0,0.0,0.0,0.0,0.0
171,-0.38326254273859545,1.2257078630946132,A,-0.41117389598009796,Regular,0.0,0.0,0.0,1.0,0.0
172,-0.14161267484996937,-0.9068709574311562,A,-0.2077297286536656,Regular,0.0,0.0,1.0,0.0,0.0
173,-1.4706869482374134,-0.37773839088625993,B,0.36869541210455853,Regular,0.0,1.0,0.0,0.0,0.0
174,0.8853992636766919,0.0028450632350107696,A,-0.17382236743259372,Bom,0.0,0.0,1.0,0.0,0.0
175,-1.4706869482374134,0.2304478673468469,B,0.7416763855363511,Ruim,0.0,0.0,1.0,0.0,0.0
176,-1.5310994152095696,0.9772223440114923,A,0.5043248569888469,Ruim,0.0,0.0,0.0,1.0,0.0
177,-0.02078774090565627,0.18874417293696902,B,-1.5640241774965467,Regular,0.0,1.0,0.0,0.0,0.0
178,-0.322850075766439,-1.5214857635249606,A,0.9451205528627831,Regular,0.0,0.0,0.0,1.0,0.0
179,-1.4706869482374134,-0.9923880909768029,B,0.2669733284413426,Bom,0.0,0.0,0.0,0.0,1.0
180,1.247874065509631,1.5038183854088485,B,1.080749997747071,Regular,0.0,0.0,1.0,0.0,0.0
181,0.1000371930386568,0.7723006377797789,A,-0.6146180633065299,Bom,1.0,0.0,0.0,0.0,0.0
182,1.006224197621005,0.19334481219928015,A,1.3181015262945754,Ruim,1.0,0.0,0.0,0.0,0.0
183,0.03962472606650026,1.3574756472405434,A,1.4537309711788635,Ruim,1.0,0.0,0.0,0.0,0.0
184,1.4895239333982573,-1.3776956554257678,B,-1.4623020938333307,Ruim,0.0,0.0,1.0,0.0,0.0
185,-1.2290370803487871,-0.012191565205752439,B,0.9790279140838553,Regular,0.0,0.0,0.0,1.0,0.0
186,0.6437493957880657,0.8584082851163874,A,0.7416763855363511,Bom,0.0,1.0,0.0,0.0,0.0
187,1.127049131565318,1.0004214835355045,B,-0.8858769530751062,Ruim,0.0,1.0,0.0,0.0,0.0
188,-1.2894495473209437,-0.04090127206087598,A,1.1485647201892153,Bom,0.0,0.0,1.0,0.0,0.0
189,-0.7457373445715347,-1.3428123953014983,A,0.7077690243152789,Ruim,0.0,0.0,0.0,1.0,0.0
190,1.368698999453944,-0.056410311534408425,B,-0.6146180633065299,Ruim,0.0,0.0,1.0,0.0,0.0
191,-1.3498620142931002,0.520889391277802,B,0.47041749576777486,Regular,0.0,0.0,0.0,1.0,0.0
192,-1.6519243491538829,0.6927020629117266,B,0.13134388355705465,Ruim,0.0,1.0,0.0,0.0,0.0
193,1.127049131565318,0.33793211391627176,A,0.40260277332563077,Regular,1.0,0.0,0.0,0.0,0.0
194,-0.443675009710752,1.4290083405547769,B,-0.4450812572011698,Ruim,0.0,0.0,0.0,1.0,0.0
195,-0.6853248775993782,0.7061416199632976,A,1.4876383323999356,Ruim,0.0,1.0,0.0,0.0,0.0
196,-0.2020251418221259,1.0571108074678348,A,-1.1232284816226104,Ruim,0.0,0.0,1.0,0.0,0.0
197,0.34168706092728296,1.4119237029208147,B,-0.9197843142961782,Bom,1.0,0.0,0.0,0.0,0.0
198,1.006224197621005,-0.8445153852591878,B,-1.2588579265068987,Ruim,0.0,0.0,1.0,0.0,0.0
199,1.0666366645931613,0.4971748942634959,,-0.3772665347590259,Regular,0.0,0.0,0.0,1.0,0.0
200,1.1874615985374743,-1.2322628453262632,A,-1.1571358428436824,Regular,0.0,0.0,0.0,1.0,0.0
201,-0.6249124106272216,1.301256050187387,B,-0.2416370898747378,Regular,0.0,0.0,0.0,1.0,0.0
202,-0.322850075766439,0.9776598610475229,B,0.5382322182099187,Bom,0.0,1.0,0.0,0.0,0.0
203,-0.8061498115436911,1.3755265801688068,A,-0.4450812572011698,Regular,1.0,0.0,0.0,0.0,0.0
204,0.5833369288159092,-1.276221228756177,B,0.23306596722027062,Ruim,1.0,0.0,0.0,0.0,0.0
205,1.4291114664261007,-0.2806445028841671,B,0.8094911079784951,Bom,0.0,1.0,0.0,0.0,0.0
206,0.16044966001081334,0.3639657196369003,A,-0.9536916755172501,Regular,0.0,0.0,0.0,1.0,0.0
207,1.61034886734257,0.9590720974002033,A,1.4876383323999356,Ruim,0.0,0.0,0.0,1.0,0.0
208,0.5833369288159092,0.6355752219433652,B,1.3520088875156473,Bom,0.0,1.0,0.0,0.0,0.0
209,-0.8061498115436911,1.027995793419824,B,0.47041749576777486,Bom,0.0,0.0,0.0,1.0,0.0
210,-0.5644999436550651,1.4204619955074027,A,0.8433984691995671,Regular,0.0,1.0,0.0,0.0,0.0
211,1.5499364003704135,1.008353157409559,A,0.7416763855363511,Ruim,0.0,0.0,0.0,1.0,0.0
212,-0.02078774090565627,-1.4818891296873784,B,-1.3944873713911865,Regular,0.0,0.0,0.0,1.0,0.0
213,-1.3498620142931002,-0.2888848544216794,B,-0.716340146969746,Ruim,0.0,0.0,1.0,0.0,0.0
214,-1.3498620142931002,0.30770586027981445,B,-1.5164413911890214e-17,Regular,0.0,0.0,1.0,0.0,0.0
215,-0.2020251418221259,0.29529433405523603,A,1.2163794426313592,Ruim,0.0,1.0,0.0,0.0,0.0
216,0.28127459395512644,-0.34311549366073285,A,0.7755837467574229,Regular,0.0,0.0,1.0,0.0,0.0
217,0.8853992636766919,-0.4366985087601981,B,-0.004285561327233582,Bom,1.0,0.0,0.0,0.0,0.0
218,0.5229244618437526,1.4754280928315633,A,1.3181015262945754,Bom,0.0,1.0,0.0,0.0,0.0
219,-1.108212146404474,-1.474287606705543,A,0.30088068966241477,Bom,0.0,0.0,1.0,0.0,0.0
220,1.127049131565318,0.6942883976865376,A,-0.8858769530751062,Ruim,0.0,0.0,0.0,1.0,0.0
221,-1.1686246133766305,0.019196926937461476,B,0.8094911079784951,Regular,1.0,0.0,0.0,0.0,0.0
222,0.4020995278994395,-0.6946966681849943,B,-1.4283947326122588,Regular,0.0,0.0,0.0,1.0,0.0
223,1.5499364003704135,1.0539166646894507,B,0.06352916111491054,Regular,1.0,0.0,0.0,0.0,0.0
224,1.247874065509631,1.4752938851517992,A,1.3859162487367191,Bom,0.0,0.0,0.0,1.0,0.0
225,-0.02078774090565627,1.300703114546759,A,-0.546803340864386,Regular,1.0,0.0,0.0,0.0,0.0
226,-0.6249124106272216,-1.0791184619475165,B,-1.0215063979593944,Ruim,0.0,0.0,0.0,1.0,0.0
227,-1.1686246133766305,-0.5845067947915265,A,-0.9197843142961782,Ruim,1.0,0.0,0.0,0.0,0.0
228,0.1000371930386568,-1.4524815428974818,A,-0.07210028376937769,Regular,0.0,0.0,0.0,1.0,0.0
229,0.8249867967045352,0.37908555683911704,A,0.9451205528627831,Ruim,0.0,0.0,1.0,0.0,0.0
230,0.8249867967045352,-0.1903307868637539,A,-1.2249505652858266,Ruim,1.0,0.0,0.0,0.0,0.0
231,-0.6853248775993782,-0.5099517445290067,B,0.6399543018731351,Bom,0.0,1.0,0.0,0.0,0.0
232,-1.0477996794323174,1.0979126262696985,A,0.5382322182099187,Regular,0.0,1.0,0.0,0.0,0.0
233,0.16044966001081334,0.9364607875135579,A,-0.9536916755172501,Ruim,0.0,1.0,0.0,0.0,0.0
234,0.1000371930386568,-0.2578506705530427,A,-1.4962094550544027,Bom,1.0,0.0,0.0,0.0,0.0
235,1.368698999453944,1.005320063846892,A,1.5215456936210074,Bom,0.0,0.0,1.0,0.0,0.0
236,0.03962472606650026,1.05548689454269,B,0.8433984691995671,Ruim,1.0,0.0,0.0,0.0,0.0
237,0.8249867967045352,-0.8250874815365454,B,0.2669733284413426,Bom,0.0,1.0,0.0,0.0,0.0
238,1.4291114664261007,-1.307499670601984,A,-0.10600764499044958,Regular,1.0,0.0,0.0,0.0,0.0
239,-0.7457373445715347,-1.1172361271540991,A,1.2841941650735036,Ruim,0.0,1.0,0.0,0.0,0.0
240,1.1874615985374743,-1.3641004174656706,B,1.4876383323999356,Ruim,1.0,0.0,0.0,0.0,0.0
241,0.5833369288159092,-1.507646267587693,B,1.0129352753049272,Ruim,1.0,0.0,0.0,0.0,0.0
242,0.7041618627602223,-1.547889782441738,B,0.02962179989383832,Ruim,0.0,0.0,0.0,1.0,0.0
243,0.5229244618437526,-1.4547335477639223,A,0.8773058304206389,Bom,0.0,0.0,0.0,0.0,1.0
244,-1.2894495473209437,0.2551823427273595,A,-1.1910432040647545,Ruim,1.0,0.0,0.0,0.0,0.0
245,-0.2020251418221259,1.0391403991474302,A,0.6060469406520629,Regular,1.0,0.0,0.0,0.0,0.0
246,0.462511994871596,0.3016208840793128,A,-0.03819292254830549,Ruim,0.0,0.0,1.0,0.0,0.0
247,0.5229244618437526,-1.2536555494806512,B,-0.07210028376937769,Regular,0.0,0.0,0.0,1.0,0.0
248,0.8249867967045352,0.009295084324470484,B,-1.1571358428436824,Bom,1.0,0.0,0.0,0.0,0.0
249,-0.8061498115436911,-0.0019622558541371204,A,-1.2588579265068987,Regular,0.0,0.0,1.0,0.0,0.0
250,-1.5310994152095696,-0.2325739961462833,A,-1.2927652877279705,Regular,1.0,0.0,0.0,0.0,0.0
251,0.462511994871596,1.1746364726372052,B,0.47041749576777486,Regular,1.0,0.0,0.0,0.0,0.0
252,-0.443675009710752,0.8754821861359688,A,1.5893604160631511,Regular,1.0,0.0,0.0,0.0,0.0
253,-1.6519243491538829,-0.46652750766455375,B,1.6910824997263676,Regular,0.0,0.0,0.0,1.0,0.0
254,-0.443675009710752,0.9251605008774261,B,0.13134388355705465,Regular,0.0,0.0,0.0,1.0,0.0
255,1.368698999453944,0.7136143035725594,A,0.6399543018731351,Bom,1.0,0.0,0.0,0.0,0.0
256,-0.08120020787781282,-0.8318166545999143,B,-1.4962094550544027,Bom,0.0,1.0,0.0,0.0,0.0
257,0.462511994871596,0.9815975143717999,A,-0.8519695918540341,Regular,1.0,0.0,0.0,0.0,0.0
258,1.1874615985374743,0.3395909208381554,A,1.4876383323999356,Regular,1.0,0.0,0.0,0.0,0.0
259,0.6437493957880657,-0.7175629726631915,B,-1.3266726489490426,Regular,0.0,1.0,0.0,0.0,0.0
260,-0.7457373445715347,1.4185481939939677,B,0.2669733284413426,Bom,0.0,1.0,0.0,0.0,0.0
261,-0.9873872124601608,-1.4187095223616586,A,0.5721395794309909,Ruim,1.0,0.0,0.0,0.0,0.0
262,-1.2894495473209437,-1.1126301195845973,A,0.30088068966241477,Bom,0.0,1.0,0.0,0.0,0.0
263,-1.4706869482374134,-0.23720147694454735,A,1.3520088875156473,Regular,0.0,0.0,0.0,1.0,0.0
264,1.61034886734257,-0.7997920180546191,B,-1.2249505652858266,Ruim,0.0,1.0,0.0,0.0,0.0
265,-1.108212146404474,0.7534766686160748,B,-1.2249505652858266,Regular,1.0,0.0,0.0,0.0,0.0
266,0.22086212698296986,0.6281508530988186,B,1.1485647201892153,Regular,1.0,0.0,0.0,0.0,0.0
267,-1.1686246133766305,-1.30764998320332,A,1.1146573589681434,Ruim,0.0,0.0,0.0,1.0,0.0
268,-0.322850075766439,-0.02080769824660369,B,-0.1399150062115218,Regular,0.0,1.0,0.0,0.0,0.0
269,0.7041618627602223,-0.4547172318453182,B,-1.5640241774965467,Ruim,0.0,0.0,1.0,0.0,0.0
270,-0.7457373445715347,1.1016301789991625,A,-0.30945181231688196,Regular,0.0,0.0,1.0,0.0,0.0
271,-0.6853248775993782,-0.9619658941278901,B,0.19915860599919843,Bom,1.0,0.0,0.0,0.0,0.0
272,-0.2020251418221259,-1.3757818539123325,A,1.3859162487367191,Regular,0.0,0.0,0.0,0.0,1.0
273,0.34168706092728296,-0.07850089562356953,A,0.5721395794309909,Bom,0.0,0.0,0.0,1.0,0.0
274,1.0666366645931613,0.9006675993204887,B,0.3347880508834867,Bom,1.0,0.0,0.0,0.0,0.0
275,-0.6853248775993782,-1.2189897057975994,A,0.6738616630942069,Regular,1.0,0.0,0.0,0.0,0.0
276,1.61034886734257,1.1004062049597145,A,0.16525124477812653,Regular,0.0,0.0,1.0,0.0,0.0
277,0.5229244618437526,0.5940916281283005,B,1.3520088875156473,Ruim,0.0,0.0,0.0,1.0,0.0
278,-0.02078774090565627,-1.1955060459924876,A,0.06352916111491054,Ruim,0.0,0.0,0.0,1.0,0.0
279,4.147672480173145,-1.8254017385042256,A,1.9962487507160158,Regular,1.0,0.0,0.0,0.0,0.0
280,-0.9269747454880043,-0.5745056384955102,B,1.4198236099577912,Regular,1.0,0.0,0.0,0.0,0.0
281,0.462511994871596,-0.7114645756947133,A,-0.716340146969746,Bom,0.0,0.0,1.0,0.0,0.0
282,-1.4102744812652568,0.2511856380239865,B,0.5043248569888469,Bom,0.0,0.0,0.0,1.0,0.0
283,-0.443675009710752,0.9056977031580449,B,0.5721395794309909,Bom,1.0,0.0,0.0,0.0,0.0
284,0.1000371930386568,-0.3364346353620788,B,1.250286803852431,Ruim,0.0,0.0,1.0,0.0,0.0
285,0.4020995278994395,1.390106902498372,B,0.2669733284413426,Regular,1.0,0.0,0.0,0.0,0.0
286,0.7041618627602223,0.31581737244475283,B,0.7416763855363511,Regular,0.0,0.0,0.0,1.0,0.0
287,-0.6853248775993782,-1.1689785560103274,B,-1.3266726489490426,Ruim,1.0,0.0,0.0,0.0,0.0
288,-0.38326254273859545,-0.04979118876844599,A,0.9451205528627831,Ruim,0.0,0.0,1.0,0.0,0.0
289,-0.6249124106272216,1.0614242422954514,A,-1.5301168162754748,Regular,0.0,1.0,0.0,0.0,0.0
290,1.127049131565318,-1.129516129852509,A,-0.6146180633065299,Regular,0.0,1.0,0.0,0.0,0.0
291,1.0666366645931613,-0.0019622558541371204,A,-0.9536916755172501,Ruim,1.0,0.0,0.0,0.0,0.0
292,-2.376873952819761,-1.7520840830491304,A,-2.174356679475843,Ruim,0.0,0.0,1.0,0.0,0.0
293,-1.6519243491538829,0.9944975565507198,A,-0.4450812572011698,Bom,0.0,0.0,1.0,0.0,0.0
294,0.34168706092728296,-1.310785074602608,B,1.6910824997263676,Bom,0.0,1.0,0.0,0.0,0.0
295,-0.5040874766829085,1.4634567677966108,B,-1.3944873713911865,Ruim,0.0,1.0,0.0,0.0,0.0
296,-1.108212146404474,0.005046069183140984,B,0.5721395794309909,Regular,0.0,1.0,0.0,0.0,0.0
297,-1.4706869482374134,0.5384276508693668,B,0.8094911079784951,Bom,1.0,0.0,0.0,0.0,0.0
298,1.1874615985374743,0.6644486621678009,A,0.5043248569888469,Ruim,0.0,0.0,0.0,1.0,0.0
299,-0.8665622785158477,1.0025339124149901,A,-0.4450812572011698,Regular,0.0,1.0,0.0,0.0,0.0
300,1.4895239333982573,-0.31777976787487716,A,-1.3605800101701147,Bom,1.0,0.0,0.0,0.0,0.0
301,0.8249867967045352,-0.4555842134565938,A,0.5043248569888469,Regular,0.0,1.0,0.0,0.0,0.0
302,-0.443675009710752,0.5675131392278299,A,-0.004285561327233582,Ruim,1.0,0.0,0.0,0.0,0.0
303,-0.08120020787781282,1.4533482453567834,B,1.046842636525999,Ruim,0.0,1.0,0.0,0.0,0.0
304,-0.38326254273859545,-1.1836608761765135,A,0.09743652233598243,Bom,0.0,0.0,0.0,1.0,0.0
305,-0.38326254273859545,-1.5391850723322424,A,0.8773058304206389,Ruim,1.0,0.0,0.0,0.0,0.0
306,0.03962472606650026,-1.2091147047205615,A,0.3347880508834867,Ruim,0.0,0.0,1.0,0.0,0.0
307,0.5833369288159092,-0.5512823415891407,B,1.1146573589681434,Ruim,0.0,0.0,1.0,0.0,0.0
308,1.247874065509631,1.2835970036840345,A,0.8433984691995671,Regular,0.0,1.0,0.0,0.0,0.0
309,0.7645743297323787,1.5072460495500217,A,0.6738616630942069,Bom,0.0,0.0,0.0,1.0,0.0
310,-0.443675009710752,-1.4629792676086248,A,0.6060469406520629,Ruim,0.0,1.0,0.0,0.0,0.0
311,-1.3498620142931002,0.07848719570361912,A,-1.3944873713911865,Regular,0.0,0.0,0.0,1.0,0.0
312,0.4020995278994395,1.3984224103365523,B,1.1146573589681434,Regular,1.0,0.0,0.0,0.0,0.0
313,-0.5644999436550651,1.4742121712529008,A,-1.0893211204015385,Ruim,0.0,0.0,0.0,1.0,0.0
314,1.368698999453944,0.4797762106588858,B,0.36869541210455853,Bom,0.0,1.0,0.0,0.0,0.0
315,-1.5310994152095696,1.4159928797712602,A,-0.004285561327233582,Regular,0.0,0.0,0.0,1.0,0.0
316,-0.5040874766829085,0.7581578324862446,A,0.2669733284413426,Ruim,0.0,1.0,0.0,0.0,0.0
317,0.8853992636766919,-1.2838254358916075,B,-0.07210028376937769,Ruim,0.0,1.0,0.0,0.0,0.0
318,0.22086212698296986,-0.241300179484541,A,0.16525124477812653,Regular,0.0,1.0,0.0,0.0,0.0
319,0.1000371930386568,0.8054177248383537,B,-1.2927652877279705,Regular,0.0,0.0,1.0,0.0,0.0
320,-1.5310994152095696,-0.669028107353324,A,-1.3266726489490426,Bom,0.0,1.0,0.0,0.0,0.0
321,0.462511994871596,-1.5750346277508127,B,-1.1571358428436824,Regular,1.0,0.0,0.0,0.0,0.0
322,-0.14161267484996937,-0.0019622558541371204,A,-0.41117389598009796,Regular,0.0,0.0,0.0,1.0,0.0
323,0.22086212698296986,-1.4950575872258258,A,-1.1571358428436824,Bom,1.0,0.0,0.0,0.0,0.0
324,-0.02078774090565627,0.31651525237952594,B,0.30088068966241477,Ruim,0.0,1.0,0.0,0.0,0.0
325,4.087260013200988,-1.6347087304810959,B,3.284728477116752,Bom,0.0,1.0,0.0,0.0,0.0
326,0.8853992636766919,0.23610337897210348,B,-1.1232284816226104,Bom,0.0,0.0,1.0,0.0,0.0
327,-1.0477996794323174,-0.13837094156630803,A,0.06352916111491054,Ruim,0.0,0.0,1.0,0.0,0.0
328,0.5229244618437526,1.1679905083352897,A,1.080749997747071,,0.0,0.0,0.0,1.0,0.0
329,0.7041618627602223,-0.03591948298803469,A,-0.3433591735379538,Regular,0.0,0.0,1.0,0.0,0.0
330,-0.5644999436550651,-0.7361051056993912,B,1.046842636525999,Regular,0.0,0.0,0.0,1.0,0.0
331,1.5499364003704135,-0.2340422281629017,B,-0.004285561327233582,Regular,0.0,0.0,1.0,0.0,0.0
332,1.1874615985374743,0.3294770300911372,A,1.4198236099577912,Regular,1.0,0.0,0.0,0.0,0.0
333,1.0666366645931613,-1.187920627932224,B,-1.4283947326122588,Ruim,0.0,0.0,0.0,1.0,0.0
334,-1.6431300764452314e-16,-1.1854995213892807,B,-1.1571358428436824,Bom,0.0,0.0,0.0,1.0,0.0
335,-1.3498620142931002,-0.8372332765551911,,1.3181015262945754,Bom,0.0,0.0,0.0,1.0,0.0
336,-1.4706869482374134,-0.8386182998103558,A,-1.1232284816226104,Bom,0.0,0.0,1.0,0.0,0.0
337,-0.322850075766439,-0.0019622558541371204,B,-0.07210028376937769,Ruim,0.0,0.0,0.0,1.0,0.0
338,0.28127459395512644,0.3974344308164568,A,-0.5128959796433139,Ruim,1.0,0.0,0.0,0.0,0.0
339,-0.8061498115436911,-0.671494844507387,B,-0.07210028376937769,Ruim,0.0,0.0,1.0,0.0,0.0
340,-0.02078774090565627,-1.3487980578189747,B,-1.5979315387176187,Bom,0.0,0.0,0.0,1.0,0.0
341,-0.02078774090565627,-0.2412062341087063,B,1.1824720814102871,Bom,0.0,0.0,1.0,0.0,0.0
342,-1.108212146404474,1.3727377445833102,B,-0.9197843142961782,Bom,0.0,1.0,0.0,0.0,0.0
343,0.5229244618437526,1.1994541567791717,B,-1.2249505652858266,Ruim,1.0,0.0,0.0,0.0,0.0
344,-0.322850075766439,-1.0872219216516694,B,0.7077690243152789,Ruim,1.0,0.0,0.0,0.0,0.0
345,1.247874065509631,-1.2320964278033555,B,-0.4450812572011698,Bom,0.0,1.0,0.0,0.0,0.0
346,-1.0477996794323174,-0.5344339094715629,A,-0.8858769530751062,Bom,0.0,1.0,0.0,0.0,0.0
347,-1.5915118821817262,-0.9639977983995178,B,0.7416763855363511,Bom,1.0,0.0,0.0,0.0,0.0
348,0.03962472606650026,-0.21898949480056695,A,1.2163794426313592,Regular,0.0,0.0,0.0,1.0,0.0
349,-0.02078774090565627,-1.348693375828759,A,0.2669733284413426,Bom,1.0,0.0,0.0,0.0,0.0
350,-1.5915118821817262,0.3622854394862544,B,-1.2588579265068987,,0.0,0.0,0.0,1.0,0.0
351,-0.5644999436550651,1.0068929778537266,A,1.1485647201892153,Regular,0.0,0.0,0.0,1.0,0.0
352,-1.108212146404474,-0.4087752589084919,A,1.6571751385052955,Ruim,0.0,0.0,0.0,1.0,0.0
353,0.03962472606650026,0.21643926973307623,B,0.8773058304206389,Bom,0.0,1.0,0.0,0.0,0.0
354,-1.108212146404474,1.1426279410134814,B,1.1824720814102871,Ruim,0.0,1.0,0.0,0.0,0.0
355,1.4895239333982573,1.4826645709244402,A,-0.580710702085458,Bom,0.0,1.0,0.0,0.0,0.0
356,-0.38326254273859545,1.182211154083088,A,1.4198236099577912,Bom,0.0,1.0,0.0,0.0,0.0
357,0.7041618627602223,0.17743583384005093,B,0.6399543018731351,Regular,0.0,0.0,1.0,0.0,0.0
358,-0.322850075766439,0.8439111715482758,B,-0.9536916755172501,Bom,0.0,0.0,1.0,0.0,0.0
359,0.8853992636766919,0.6678119066226879,B,-0.03819292254830549,Ruim,0.0,0.0,1.0,0.0,0.0
360,0.8249867967045352,0.27508802578996194,A,-1.6318388999386908,Regular,0.0,0.0,0.0,1.0,0.0
361,-0.9873872124601608,-0.649127792597912,A,-0.580710702085458,Ruim,0.0,1.0,0.0,0.0,0.0
362,-1.4706869482374134,-1.4552086429502868,B,-1.5301168162754748,Regular,0.0,0.0,0.0,1.0,0.0
363,-1.2290370803487871,0.021634138401976432,A,1.3859162487367191,Regular,1.0,0.0,0.0,0.0,0.0
364,3.9060226122845187,1.6667706660247512,A,2.742210697579601,Regular,0.0,1.0,0.0,0.0,0.0
365,0.8249867967045352,-1.5172501691516076,A,-0.4450812572011698,Bom,0.0,1.0,0.0,0.0,0.0
366,0.1000371930386568,-1.3766542038307987,A,1.0129352753049272,Regular,0.0,0.0,1.0,0.0,0.0
367,-1.4102744812652568,0.7732105658485794,A,1.1485647201892153,Regular,0.0,1.0,0.0,0.0,0.0
368,-1.4706869482374134,-1.3191140032087643,B,-0.03819292254830549,Bom,1.0,0.0,0.0,0.0,0.0
369,1.61034886734257,-0.39185703879743705,A,-0.8519695918540341,Ruim,0.0,1.0,0.0,0.0,0.0
370,-1.108212146404474,1.3974990614997755,B,-1.5640241774965467,Regular,0.0,0.0,1.0,0.0,0.0
371,0.8853992636766919,0.32057369261559077,A,-0.7502475081908181,Regular,0.0,1.0,0.0,0.0,0.0
372,1.127049131565318,0.24567238653927972,B,0.16525124477812653,Bom,0.0,1.0,0.0,0.0,0.0
373,0.8249867967045352,0.24449135895735602,A,-0.004285561327233582,Regular,1.0,0.0,0.0,0.0,0.0
374,0.6437493957880657,0.9452943369956269,B,0.3347880508834867,Bom,0.0,0.0,1.0,0.0,0.0
375,-1.4706869482374134,0.47425222255979793,B,1.2163794426313592,Regular,0.0,0.0,0.0,1.0,0.0
376,1.5499364003704135,-1.1391441887987812,B,-0.546803340864386,Regular,1.0,0.0,0.0,0.0,0.0
377,1.4895239333982573,-1.0913072034236866,A,1.6232677772842237,Regular,0.0,1.0,0.0,0.0,0.0
378,-1.108212146404474,0.9984110524926392,A,-1.6318388999386908,Bom,0.0,0.0,0.0,1.0,0.0
379,0.6437493957880657,0.8315157502452689,A,1.4876383323999356,Bom,1.0,0.0,0.0,0.0,0.0
380,0.8853992636766919,1.0448737512269501,B,1.0129352753049272,Regular,0.0,0.0,0.0,1.0,0.0
381,1.1874615985374743,0.28225740004295724,A,0.8433984691995671,Regular,1.0,0.0,0.0,0.0,0.0
382,0.34168706092728296,-0.29565965809616807,A,0.5043248569888469,Regular,1.0,0.0,0.0,0.0,0.0
383,0.4020995278994395,-0.5321443264547885,B,-1.4623020938333307,Ruim,0.0,0.0,0.0,1.0,0.0
384,0.1000371930386568,0.06600856563915869,A,-0.41117389598009796,Ruim,0.0,0.0,0.0,1.0,0.0
385,3.966435079256675,-1.6622615671366534,A,2.199692918042448,Ruim,0.0,0.0,1.0,0.0,0.0
386,0.7645743297323787,-1.2046080108340849,B,1.2163794426313592,Bom,0.0,0.0,1.0,0.0,0.0
387,0.34168706092728296,1.1250413666572021,B,-1.4283947326122588,Ruim,1.0,0.0,0.0,0.0,0.0
388,1.4291114664261007,0.23152421293855457,B,-0.2755444510958097,Regular,0.0,0.0,1.0,0.0,0.0
389,-1.6431300764452314e-16,-0.46531427023948674,A,-0.004285561327233582,Bom,1.0,0.0,0.0,0.0,0.0
390,-0.08120020787781282,-1.266233493228137,A,-0.3772665347590259,Regular,0.0,1.0,0.0,0.0,0.0
391,-0.08120020787781282,-1.1352548502392195,B,1.2163794426313592,Bom,0.0,1.0,0.0,0.0,0.0
392,-0.5040874766829085,-0.7043139905168855,B,-0.682432785748674,Bom,0.0,0.0,0.0,1.0,0.0
393,0.6437493957880657,1.399442388702759,A,0.8773058304206389,Bom,0.0,0.0,0.0,1.0,0.0
394,-1.6431300764452314e-16,-0.9592387940750849,A,-1.3944873713911865,Ruim,0.0,0.0,1.0,0.0,0.0
395,0.1000371930386568,-1.2959202319919427,B,0.5043248569888469,Bom,1.0,0.0,0.0,0.0,0.0
396,1.006224197621005,1.0967208620733941,B,-0.5128959796433139,Bom,1.0,0.0,0.0,0.0,0.0
397,-0.9269747454880043,-0.3500567148581289,B,-1.4623020938333307,Regular,0.0,0.0,0.0,1.0,0.0
398,-0.322850075766439,0.7201904798809974,A,-0.1399150062115218,Regular,1.0,0.0,0.0,0.0,0.0
399,-1.2894495473209437,-0.04252518498602092,A,-1.5640241774965467,Ruim,0.0,0.0,1.0,0.0,0.0
400,-0.2020251418221259,-0.24719726493337302,B,-1.1910432040647545,Bom,0.0,0.0,1.0,0.0,0.0
401,0.34168706092728296,0.5429826595205587,A,-1.5164413911890214e-17,Bom,0.0,0.0,1.0,0.0,0.0
402,1.368698999453944,1.1215465986761464,B,-1.5640241774965467,Bom,0.0,1.0,0.0,0.0,0.0
403,-0.9269747454880043,-0.5313927634481098,B,0.13134388355705465,Ruim,1.0,0.0,0.0,0.0,0.0
404,0.34168706092728296,-0.21401575818851168,A,-0.3433591735379538,Bom,0.0,1.0,0.0,0.0,0.0
405,-0.322850075766439,-1.1218340822628154,B,-0.07210028376937769,Ruim,0.0,1.0,0.0,0.0,0.0
406,1.5499364003704135,0.36904145408557626,A,-1.0554137591804664,Bom,1.0,0.0,0.0,0.0,0.0
407,-0.02078774090565627,1.5110253378121772,B,-0.2755444510958097,Bom,1.0,0.0,0.0,0.0,0.0
408,-1.0477996794323174,0.9748898145371931,A,-1.5640241774965467,Regular,0.0,1.0,0.0,0.0,0.0
409,-1.0477996794323174,-0.6997831392480515,B,-1.3944873713911865,Bom,1.0,0.0,0.0,0.0,0.0
410,-1.108212146404474,0.35637224911585064,B,-0.9536916755172501,Ruim,0.0,1.0,0.0,0.0,0.0
411,-1.0477996794323174,0.4711412885428674,A,-1.3266726489490426,Regular,1.0,0.0,0.0,0.0,0.0
412,1.0666366645931613,1.2605052303038335,B,1.1146573589681434,Bom,0.0,0.0,0.0,1.0,0.0
413,1.1874615985374743,-0.1882935142849357,A,0.09743652233598243,Ruim,1.0,0.0,0.0,0.0,0.0
414,0.5833369288159092,-0.7723197060069199,B,0.4365101345467027,Ruim,0.0,1.0,0.0,0.0,0.0
415,0.03962472606650026,-1.2307328777769528,A,0.9451205528627831,Regular,0.0,0.0,0.0,1.0,0.0
416,0.1000371930386568,-1.5808726618205486,B,0.5382322182099187,Bom,0.0,0.0,1.0,0.0,0.0
417,0.28127459395512644,-0.9328589325406651,B,-0.9197843142961782,Regular,0.0,0.0,1.0,0.0,0.0
418,1.5499364003704135,-0.6699944026476249,B,-1.5301168162754748,,0.0,0.0,0.0,1.0,0.0
419,-0.08120020787781282,-0.8664637092077989,A,0.13134388355705465,Ruim,0.0,0.0,0.0,1.0,0.0
420,1.368698999453944,-1.1396998085930043,A,1.5215456936210074,Ruim,1.0,0.0,0.0,0.0,0.0
421,1.127049131565318,1.3184587905795413,B,-1.2588579265068987,Bom,1.0,0.0,0.0,0.0,0.0
422,0.8853992636766919,-0.09039438020425865,B,0.9790279140838553,Ruim,1.0,0.0,0.0,0.0,0.0
423,1.5499364003704135,-0.8268402338342636,A,0.4365101345467027,Bom,1.0,0.0,0.0,0.0,0.0
424,-1.1686246133766305,-1.0410303224304818,A,-0.546803340864386,Regular,1.0,0.0,0.0,0.0,0.0
425,0.03962472606650026,0.2223336710283129,A,1.3520088875156473,Bom,0.0,0.0,0.0,1.0,0.0
426,1.247874065509631,-0.5820373734838682,A,-0.2077297286536656,Bom,1.0,0.0,0.0,0.0,0.0
427,-1.2290370803487871,0.017664275234556125,B,1.6571751385052955,Ruim,0.0,1.0,0.0,0.0,0.0
428,-1.4706869482374134,1.0387592493369002,A,-1.5979315387176187,Regular,0.0,0.0,1.0,0.0,0.0
429,1.368698999453944,1.114814741459182,A,-0.5128959796433139,Regular,1.0,0.0,0.0,0.0,0.0
430,-0.38326254273859545,-0.12980043913657632,B,-0.7502475081908181,Bom,0.0,1.0,0.0,0.0,0.0
431,-0.8665622785158477,-1.4932457835490114,B,-1.1571358428436824,Regular,1.0,0.0,0.0,0.0,0.0
432,-1.3498620142931002,-0.6971419321102951,A,-1.5640241774965467,Bom,1.0,0.0,0.0,0.0,0.0
433,-1.4706869482374134,1.3953195287804074,A,1.5893604160631511,Ruim,1.0,0.0,0.0,0.0,0.0
434,-0.02078774090565627,-1.1610093039859388,A,-1.0893211204015385,Regular,0.0,0.0,1.0,0.0,0.0
435,1.247874065509631,-1.2820861043618654,B,0.40260277332563077,Bom,0.0,1.0,0.0,0.0,0.0
436,0.462511994871596,1.5442122128642293,A,-0.8858769530751062,Bom,0.0,0.0,1.0,0.0,0.0
437,0.9458117306488484,1.1824419912922817,B,1.4198236099577912,Ruim,0.0,0.0,0.0,1.0,0.0
438,-1.6431300764452314e-16,-0.6977968655875435,B,0.5382322182099187,Regular,1.0,0.0,0.0,0.0,0.0
439,-1.6431300764452314e-16,0.1702047240543643,B,-0.9536916755172501,Ruim,0.0,0.0,1.0,0.0,0.0
440,-0.08120020787781282,0.11437432927252347,B,1.3181015262945754,Regular,0.0,1.0,0.0,0.0,0.0
441,0.28127459395512644,-0.4106729555003554,A,-0.2077297286536656,Bom,0.0,0.0,0.0,1.0,0.0
442,-0.9269747454880043,0.8346776831805098,A,-0.9197843142961782,Ruim,1.0,0.0,0.0,0.0,0.0
443,-1.2894495473209437,-0.7084207455176649,B,-1.4623020938333307,Regular,0.0,0.0,1.0,0.0,0.0
444,-0.9873872124601608,1.39161539681892,A,-0.580710702085458,Regular,0.0,1.0,0.0,0.0,0.0
445,-0.02078774090565627,0.9730458010172356,A,0.5721395794309909,Regular,0.0,0.0,1.0,0.0,0.0
446,0.1000371930386568,0.6481102192333268,A,0.5043248569888469,Bom,0.0,0.0,0.0,1.0,0.0
447,-1.6519243491538829,0.10678354290506942,A,-1.0554137591804664,Regular,0.0,0.0,0.0,1.0,0.0
448,0.8853992636766919,-1.1845493310165514,A,0.30088068966241477,Ruim,0.0,0.0,1.0,0.0,0.0
449,0.5833369288159092,0.8218232716127097,A,1.6232677772842237,Ruim,0.0,1.0,0.0,0.0,0.0
450,-1.2894495473209437,0.3858523080528197,B,-1.3266726489490426,Bom,0.0,1.0,0.0,0.0,0.0
451,0.7041618627602223,1.3961784579308973,B,0.6399543018731351,Regular,0.0,1.0,0.0,0.0,0.0
452,-1.4102744812652568,0.33240544166358854,B,1.4537309711788635,Regular,0.0,0.0,1.0,0.0,0.0
453,1.5499364003704135,-1.4763946672778385,A,-1.3605800101701147,Bom,0.0,1.0,0.0,0.0,0.0
454,0.6437493957880657,-0.44438055634989176,A,1.1146573589681434,Ruim,0.0,0.0,1.0,0.0,0.0
455,-1.0477996794323174,-0.7589043063377063,B,1.4537309711788635,Ruim,0.0,0.0,0.0,1.0,0.0
456,0.22086212698296986,-0.1271511795380342,A,-1.1910432040647545,Bom,0.0,0.0,1.0,0.0,0.0
457,-1.2290370803487871,0.8144230601505207,B,-1.0215063979593944,Ruim,0.0,0.0,0.0,1.0,0.0
458,-0.9873872124601608,-0.03481898001396971,B,-0.30945181231688196,Bom,0.0,0.0,0.0,0.0,1.0
459,1.61034886734257,0.5888494761567169,A,0.8094911079784951,Ruim,0.0,0.0,0.0,1.0,0.0
460,-0.14161267484996937,1.2375449804498018,A,1.2841941650735036,Ruim,0.0,0.0,1.0,0.0,0.0
461,-0.2020251418221259,0.79840671564748,A,-1.3944873713911865,Regular,0.0,0.0,1.0,0.0,0.0
462,-1.0477996794323174,1.0941226013931622,B,-1.0554137591804664,Regular,0.0,0.0,0.0,1.0,0.0
463,-0.38326254273859545,0.47679411601452915,A,-0.30945181231688196,Ruim,1.0,0.0,0.0,0.0,0.0
464,0.8249867967045352,-0.9746163100224486,B,1.4198236099577912,Regular,0.0,0.0,0.0,1.0,0.0
465,1.368698999453944,-1.538436193479159,A,0.5721395794309909,Regular,0.0,0.0,0.0,1.0,0.0
466,-1.2894495473209437,1.3741657142959995,A,-0.41117389598009796,Bom,1.0,0.0,0.0,0.0,0.0
467,1.5499364003704135,-0.0019622558541371204,A,1.3181015262945754,Regular,0.0,0.0,1.0,0.0,0.0
468,-1.5310994152095696,0.4888325448893632,B,-0.5128959796433139,Bom,1.0,0.0,0.0,0.0,0.0
469,-0.443675009710752,-0.130678157362233,A,1.4537309711788635,Bom,0.0,0.0,1.0,0.0,0.0
470,-0.38326254273859545,0.35315126480151365,B,-0.8858769530751062,Regular,0.0,0.0,1.0,0.0,0.0
471,-1.2290370803487871,-0.5315538126638267,A,0.6399543018731351,Regular,1.0,0.0,0.0,0.0,0.0
472,-1.2894495473209437,-1.1720572801841145,B,-1.5164413911890214e-17,Ruim,0.0,0.0,0.0,1.0,0.0
473,1.247874065509631,-0.8915685977844604,B,-1.3944873713911865,Ruim,0.0,0.0,1.0,0.0,0.0
474,-0.5644999436550651,-0.3514820004172231,A,-0.3433591735379538,Bom,0.0,0.0,0.0,1.0,0.0
475,1.4895239333982573,1.3736396201913241,B,-0.17382236743259372,Ruim,0.0,0.0,0.0,1.0,0.0
476,-0.322850075766439,-0.21834261378410433,B,-1.1910432040647545,Ruim,0.0,0.0,1.0,0.0,0.0
477,-1.108212146404474,-0.20994121303087535,B,-1.5301168162754748,Ruim,0.0,0.0,1.0,0.0,0.0
478,0.6437493957880657,0.5528173982936674,A,1.1824720814102871,Bom,0.0,0.0,1.0,0.0,0.0
479,1.127049131565318,-0.4754335292936956,B,-0.10600764499044958,Regular,1.0,0.0,0.0,0.0,0.0
480,-0.2020251418221259,-1.0107638064900955,A,1.4876383323999356,Regular,0.0,1.0,0.0,0.0,0.0
481,-0.2624376087942824,0.39780484401260535,A,-1.1232284816226104,Bom,0.0,0.0,0.0,1.0,0.0
482,1.3082865324817876,1.2786178987647887,B,-1.1571358428436824,Bom,0.0,0.0,1.0,0.0,0.0
483,-0.6249124106272216,-1.2610664975572214,A,-0.716340146969746,Bom,1.0,0.0,0.0,0.0,0.0
484,1.006224197621005,-0.5586020284434713,B,0.13134388355705465,Regular,0.0,0.0,1.0,0.0,0.0
485,0.462511994871596,1.2131406559615086,A,-1.3266726489490426,Regular,0.0,0.0,0.0,1.0,0.0
486,-0.38326254273859545,0.058409726810918605,B,0.8433984691995671,Ruim,0.0,1.0,0.0,0.0,0.0
487,0.462511994871596,0.6583207395097748,A,-1.1571358428436824,Regular,0.0,0.0,0.0,1.0,0.0
488,1.4291114664261007,-0.20162033688550485,A,-0.9197843142961782,Ruim,0.0,0.0,0.0,1.0,0.0
489,-0.14161267484996937,1.223096181646405,A,-1.6657462611597629,Ruim,0.0,0.0,1.0,0.0,0.0
490,-1.4102744812652568,-1.2360689751243714,B,-1.5979315387176187,Bom,1.0,0.0,0.0,0.0,0.0
491,0.5833369288159092,-0.7538097828138635,A,1.4198236099577912,Ruim,0.0,0.0,0.0,1.0,0.0
492,-1.108212146404474,-1.3780633844683212,A,-1.4283947326122588,Bom,0.0,0.0,0.0,1.0,0.0
493,-1.0477996794323174,1.1909963888004418,B,-0.1399150062115218,Bom,0.0,1.0,0.0,0.0,0.0
494,-1.1686246133766305,-0.39829363911892035,B,0.7755837467574229,Regular,1.0,0.0,0.0,0.0,0.0
495,0.5229244618437526,0.5775867676709184,A,1.1146573589681434,Ruim,1.0,0.0,0.0,0.0,0.0
496,-0.5644999436550651,1.002072237996602,A,-0.6146180633065299,Bom,0.0,1.0,0.0,0.0,0.0
497,0.1000371930386568,0.5718507314378036,B,-1.5640241774965467,Bom,1.0,0.0,0.0,0.0,0.0
498,0.7041618627602223,1.4324172156207837,B,1.1824720814102871,Bom,0.0,0.0,1.0,0.0,0.0
499,-0.02078774090565627,0.5365406908918847,A,0.9790279140838553,,0.0,0.0,1.0,0.0,0.0
500,-1.2290370803487871,-1.1306220011337647,B,-0.6146180633065299,Bom,0.0,0.0,1.0,0.0,0.0
501,0.34168706092728296,-1.201293081143913,B,-1.5640241774965467,Ruim,0.0,0.0,1.0,0.0,0.0
502,-0.8665622785158477,1.0636386690115582,B,-1.4283947326122588,Bom,0.0,0.0,0.0,1.0,0.0
503,-0.14161267484996937,0.36180229183910406,A,-0.8858769530751062,Bom,0.0,0.0,1.0,0.0,0.0
504,-1.2894495473209437,-0.24790588148252723,A,0.2669733284413426,Regular,0.0,0.0,1.0,0.0,0.0
505,1.4291114664261007,-0.0019622558541371204,B,0.13134388355705465,Ruim,0.0,0.0,0.0,1.0,0.0
506,-1.3498620142931002,-0.04058722609022811,B,-1.5164413911890214e-17,Bom,1.0,0.0,0.0,0.0,0.0
507,-0.7457373445715347,0.019484131372156446,B,0.06352916111491054,Ruim,0.0,0.0,1.0,0.0,0.0
508,0.9458117306488484,0.04031047911794028,A,-0.648525424527602,Regular,0.0,0.0,0.0,1.0,0.0
509,0.1000371930386568,0.2823755028011492,B,-0.8858769530751062,Bom,1.0,0.0,0.0,0.0,0.0
510,-0.5644999436550651,-0.045091235823109234,B,-1.0893211204015385,Ruim,0.0,1.0,0.0,0.0,0.0
511,1.4895239333982573,-1.2379854607914018,A,1.6232677772842237,Ruim,0.0,0.0,0.0,1.0,0.0
512,1.1874615985374743,-0.924581002852819,A,-0.648525424527602,Regular,0.0,0.0,1.0,0.0,0.0
513,-1.4102744812652568,1.2217245791592164,B,-0.9875990367383222,Bom,0.0,0.0,1.0,0.0,0.0
514,-0.443675009710752,0.27249781757051605,A,-0.004285561327233582,Bom,0.0,1.0,0.0,0.0,0.0
515,0.8853992636766919,1.5012254930358073,A,-0.3772665347590259,Bom,0.0,0.0,1.0,0.0,0.0
516,0.1000371930386568,-0.04344584966920207,A,1.6571751385052955,Bom,0.0,0.0,1.0,0.0,0.0
517,-0.38326254273859545,-0.7748884409976036,A,0.7416763855363511,Ruim,0.0,0.0,0.0,1.0,0.0
518,-2.3164614858476047,-1.608777122597088,B,1.8267119446106557,Bom,0.0,1.0,0.0,0.0,0.0
519,-1.3498620142931002,0.09181670245778357,B,0.40260277332563077,Bom,0.0,0.0,1.0,0.0,0.0
520,-0.6249124106272216,-0.8213591921927003,B,1.250286803852431,Regular,1.0,0.0,0.0,0.0,0.0
521,1.368698999453944,-0.0834182650101239,A,0.6399543018731351,Bom,0.0,1.0,0.0,0.0,0.0
522,0.4020995278994395,-0.7980634231392582,A,1.5893604160631511,Bom,1.0,0.0,0.0,0.0,0.0
523,1.127049131565318,-0.0019622558541371204,B,1.046842636525999,Regular,0.0,1.0,0.0,0.0,0.0
524,0.5229244618437526,-0.5414422345088413,B,-0.9536916755172501,Bom,0.0,0.0,0.0,1.0,0.0
525,-0.6853248775993782,-1.2719051097749652,B,0.13134388355705465,Ruim,0.0,0.0,1.0,0.0,0.0
526,1.3082865324817876,0.9368929362423982,B,-0.4789886184222419,Regular,0.0,1.0,0.0,0.0,0.0
527,1.4895239333982573,1.0526980589571935,B,1.5893604160631511,Regular,1.0,0.0,0.0,0.0,0.0
528,-0.38326254273859545,-0.2536580226372139,B,0.6399543018731351,Ruim,1.0,0.0,0.0,0.0,0.0
529,1.006224197621005,-0.7245981392364225,B,0.6399543018731351,Regular,0.0,0.0,0.0,1.0,0.0
530,-0.2020251418221259,-0.6789782647310298,A,1.4537309711788635,Bom,0.0,0.0,1.0,0.0,0.0
531,0.5833369288159092,1.2085614899279595,B,0.09743652233598243,Bom,0.0,1.0,0.0,0.0,0.0
532,-0.02078774090565627,-1.1960133510219957,B,-0.546803340864386,Ruim,1.0,0.0,0.0,0.0,0.0
533,1.006224197621005,0.16430763860553255,B,-0.2077297286536656,Bom,1.0,0.0,0.0,0.0,0.0
534,-1.5915118821817262,-1.366875832283191,B,0.06352916111491054,Regular,0.0,1.0,0.0,0.0,0.0
535,0.7645743297323787,0.1845327359459733,A,-0.10600764499044958,Ruim,0.0,0.0,0.0,1.0,0.0
536,-0.7457373445715347,-0.9248494182123471,B,0.36869541210455853,Regular,1.0,0.0,0.0,0.0,0.0
537,-0.7457373445715347,-0.795414163540716,A,-1.2927652877279705,Ruim,1.0,0.0,0.0,0.0,0.0
538,-0.9873872124601608,-0.8647887973643438,A,0.5721395794309909,Bom,0.0,0.0,0.0,1.0,0.0
539,-1.4706869482374134,0.07905892041941395,B,0.9790279140838553,Ruim,1.0,0.0,0.0,0.0,0.0
540,-1.3498620142931002,-1.2587581254652798,A,1.3520088875156473,Regular,1.0,0.0,0.0,0.0,0.0
541,-1.2290370803487871,-0.7276768634102097,A,-0.30945181231688196,Regular,0.0,0.0,0.0,1.0,0.0
542,-0.8665622785158477,0.7085949363493845,B,1.6571751385052955,Ruim,1.0,0.0,0.0,0.0,0.0
543,-1.2894495473209437,-1.3500488733943754,A,-1.1910432040647545,Bom,0.0,1.0,0.0,0.0,0.0
544,1.006224197621005,-1.1699502196118192,B,1.5215456936210074,Bom,0.0,1.0,0.0,0.0,0.0
545,0.28127459395512644,-1.5805344584675434,A,1.046842636525999,Bom,0.0,0.0,0.0,1.0,0.0
546,-0.443675009710752,-0.0019622558541371204,B,1.6571751385052955,Regular,0.0,0.0,0.0,1.0,0.0
547,0.5833369288159092,-1.4160387895343542,A,-1.3605800101701147,Regular,0.0,1.0,0.0,0.0,0.0
548,0.4020995278994395,1.1645064769686155,A,-0.8519695918540341,Ruim,0.0,0.0,1.0,0.0,0.0
549,0.8249867967045352,1.3186439971776158,A,-0.30945181231688196,Regular,0.0,0.0,1.0,0.0,0.0
550,-1.1686246133766305,0.7717477021391511,A,0.6399543018731351,Ruim,0.0,0.0,0.0,1.0,0.0
551,-0.14161267484996937,0.7706203576291335,A,-0.9875990367383222,Bom,0.0,0.0,1.0,0.0,0.0
552,-0.6853248775993782,-1.2519886900979817,B,0.6738616630942069,Bom,0.0,1.0,0.0,0.0,0.0
553,1.3082865324817876,-0.9012369190346619,B,0.9790279140838553,Bom,0.0,0.0,0.0,1.0,0.0
554,-0.7457373445715347,-1.0007814392692462,A,-1.0215063979593944,Ruim,0.0,0.0,0.0,1.0,0.0
555,0.16044966001081334,1.2334704352921653,A,0.36869541210455853,Bom,0.0,1.0,0.0,0.0,0.0
556,0.16044966001081334,-1.5263306607644427,A,-0.5128959796433139,Bom,0.0,0.0,1.0,0.0,0.0
557,1.5499364003704135,0.8129789855162598,B,0.9112131916417111,Ruim,1.0,0.0,0.0,0.0,0.0
558,1.006224197621005,-1.4036031059274183,A,-1.5979315387176187,Regular,1.0,0.0,0.0,0.0,0.0
559,1.1874615985374743,-1.2358837685262969,A,-1.5301168162754748,Bom,1.0,0.0,0.0,0.0,0.0
560,-0.322850075766439,-0.6655011295291249,B,0.7755837467574229,Ruim,0.0,0.0,1.0,0.0,0.0
561,-1.1686246133766305,1.110074526209916,A,-0.004285561327233582,Ruim,0.0,0.0,0.0,1.0,0.0
562,1.247874065509631,0.8933130184694188,B,-0.2077297286536656,Regular,0.0,1.0,0.0,0.0,0.0
563,1.3082865324817876,-0.4696813881390087,B,1.3520088875156473,Bom,0.0,1.0,0.0,0.0,0.0
564,-1.108212146404474,0.09213880088921746,B,0.3347880508834867,,0.0,0.0,1.0,0.0,0.0
565,-1.108212146404474,1.0217712412323678,A,-0.8858769530751062,Bom,1.0,0.0,0.0,0.0,0.0
566,-0.5644999436550651,-0.29395790471676003,A,-0.07210028376937769,Bom,0.0,0.0,0.0,1.0,0.0
567,1.61034886734257,0.3951502161068728,A,0.06352916111491054,Bom,0.0,0.0,1.0,0.0,0.0
568,1.1874615985374743,0.22255108746953076,B,0.06352916111491054,Ruim,0.0,0.0,1.0,0.0,0.0
569,0.7041618627602223,0.32610573317546415,B,-1.1232284816226104,Ruim,1.0,0.0,0.0,0.0,0.0
570,-0.443675009710752,-0.0019622558541371204,B,1.3859162487367191,Regular,0.0,0.0,0.0,1.0,0.0
571,0.1000371930386568,0.8438145420188455,A,1.4198236099577912,Regular,0.0,1.0,0.0,0.0,0.0
572,-0.38326254273859545,-1.472108073986175,A,0.6060469406520629,Bom,0.0,1.0,0.0,0.0,0.0
573,1.4291114664261007,0.7822346902359132,B,0.06352916111491054,Ruim,1.0,0.0,0.0,0.0,0.0
574,-0.8061498115436911,-0.6038810154422635,B,0.23306596722027062,Regular,1.0,0.0,0.0,0.0,0.0
575,1.3082865324817876,0.9646014538064819,A,-0.07210028376937769,Regular,1.0,0.0,0.0,0.0,0.0
576,0.9458117306488484,1.3558705233905655,A,-0.818062230632962,Ruim,1.0,0.0,0.0,0.0,0.0
577,0.16044966001081334,0.6687755177633937,A,-0.8858769530751062,Regular,0.0,0.0,1.0,0.0,0.0
578,0.1000371930386568,1.495709557397505,A,-0.580710702085458,Ruim,0.0,0.0,1.0,0.0,0.0
579,0.8853992636766919,0.332212182604728,A,-1.0554137591804664,Regular,0.0,1.0,0.0,0.0,0.0
580,-0.9873872124601608,-0.7000354496860077,B,-0.17382236743259372,Ruim,0.0,0.0,1.0,0.0,0.0
581,0.8853992636766919,0.12398359914362882,A,-0.6146180633065299,Regular,0.0,1.0,0.0,0.0,0.0
582,1.006224197621005,-1.1808666722838264,B,-1.0554137591804664,Regular,0.0,1.0,0.0,0.0,0.0
583,1.5499364003704135,1.474689950592861,A,-0.2077297286536656,Regular,0.0,1.0,0.0,0.0,0.0
584,-1.1686246133766305,0.7825648411281331,B,-1.0215063979593944,Ruim,0.0,0.0,0.0,1.0,0.0
585,-1.2290370803487871,-0.6995174080421185,A,0.23306596722027062,Ruim,1.0,0.0,0.0,0.0,0.0
586,1.006224197621005,-1.0200858719265058,B,1.3181015262945754,Bom,0.0,1.0,0.0,0.0,0.0
587,1.247874065509631,-1.5319754357753181,A,0.7755837467574229,Bom,1.0,0.0,0.0,0.0,0.0
588,-0.2624376087942824,-1.2408011379128512,A,1.6571751385052955,Ruim,0.0,0.0,1.0,0.0,0.0
589,-1.6519243491538829,-1.4264452530232579,A,0.06352916111491054,Regular,0.0,0.0,0.0,1.0,0.0
590,-0.38326254273859545,0.48175980016579867,A,1.5893604160631511,Regular,0.0,0.0,1.0,0.0,0.0
591,0.9458117306488484,0.38163818690822915,B,1.2841941650735036,Regular,0.0,0.0,0.0,1.0,0.0
592,-0.9269747454880043,-0.6728825519161471,A,-0.2416370898747378,Ruim,0.0,1.0,0.0,0.0,0.0
593,1.127049131565318,-0.10522432881818512,B,-0.2416370898747378,Bom,0.0,1.0,0.0,0.0,0.0
594,-1.3498620142931002,-0.24333476790976383,B,0.6060469406520629,Ruim,0.0,0.0,1.0,0.0,0.0
595,0.8249867967045352,0.8299106263952911,A,-1.0554137591804664,Ruim,0.0,0.0,1.0,0.0,0.0
596,1.3082865324817876,0.7152489531120855,B,1.1146573589681434,Bom,0.0,1.0,0.0,0.0,0.0
597,-0.5040874766829085,0.8811967491403214,A,-1.5164413911890214e-17,Ruim,0.0,1.0,0.0,0.0,0.0
598,0.8853992636766919,-1.3626643952921953,A,1.6232677772842237,Regular,0.0,0.0,0.0,1.0,0.0
599,0.4020995278994395,0.017497857711648745,A,-0.716340146969746,Ruim,1.0,0.0,0.0,0.0,0.0
600,1.1874615985374743,0.2787438429867346,A,-0.41117389598009796,Regular,0.0,0.0,1.0,0.0,0.0
601,-0.7457373445715347,-1.1723176430828568,B,-0.2077297286536656,Ruim,1.0,0.0,0.0,0.0,0.0
602,-1.2290370803487871,1.3873046461448992,A,-0.648525424527602,Bom,0.0,0.0,1.0,0.0,0.0
603,-1.1686246133766305,1.4472176385451618,A,-0.07210028376937769,Regular,1.0,0.0,0.0,0.0,0.0
604,0.462511994871596,1.501177178271092,B,-1.5640241774965467,Bom,0.0,1.0,0.0,0.0,0.0
605,-1.5310994152095696,-0.8006482630515136,A,1.5893604160631511,Regular,0.0,1.0,0.0,0.0,0.0
606,1.1874615985374743,0.6113775772819089,B,-1.0554137591804664,Regular,0.0,0.0,0.0,1.0,0.0
607,-1.6431300764452314e-16,-0.14621940667890904,A,1.250286803852431,Bom,1.0,0.0,0.0,0.0,0.0
608,-1.2894495473209437,-0.04803306816353701,A,-1.6318388999386908,Bom,1.0,0.0,0.0,0.0,0.0
609,-1.2894495473209437,-0.9062992327153615,B,1.6232677772842237,Ruim,0.0,0.0,0.0,0.0,1.0
610,0.8249867967045352,0.945302389456413,A,-1.0893211204015385,Ruim,0.0,0.0,0.0,1.0,0.0
611,0.7645743297323787,-0.6547376736120487,A,0.06352916111491054,Ruim,0.0,0.0,0.0,1.0,0.0
612,-1.6519243491538829,-0.800030907724599,,0.9790279140838553,Bom,0.0,0.0,0.0,1.0,0.0
613,-1.1686246133766305,-0.37674256990241073,A,1.1146573589681434,Bom,1.0,0.0,0.0,0.0,0.0
614,0.462511994871596,1.1456959285728876,A,-1.2249505652858266,Regular,1.0,0.0,0.0,0.0,0.0
615,-1.5915118821817262,-0.5545945871257173,A,-1.1232284816226104,Ruim,0.0,0.0,0.0,1.0,0.0
616,-0.9873872124601608,-1.2483221362868282,A,0.8773058304206389,Bom,0.0,0.0,0.0,0.0,1.0
617,0.28127459395512644,0.093950604566032,B,1.1146573589681434,Regular,0.0,0.0,1.0,0.0,0.0
618,-0.08120020787781282,0.2717167288742894,A,-0.9197843142961782,Bom,1.0,0.0,0.0,0.0,0.0
619,1.4291114664261007,1.2484104342034983,A,-1.5979315387176187,Regular,0.0,1.0,0.0,0.0,0.0
620,-1.0477996794323174,-0.10090015737618782,B,1.3181015262945754,Ruim,0.0,1.0,0.0,0.0,0.0
621,-1.5310994152095696,0.7689024993281534,A,1.4537309711788635,Regular,0.0,0.0,0.0,1.0,0.0
622,-1.3498620142931002,-1.5376175266325984,B,-1.3605800101701147,Regular,0.0,0.0,0.0,1.0,0.0
623,-0.38326254273859545,-1.280008569479118,A,-0.1399150062115218,Ruim,0.0,1.0,0.0,0.0,0.0
624,-1.1686246133766305,-1.0273465074017403,A,-1.3266726489490426,Regular,0.0,1.0,0.0,0.0,0.0
625,-1.5915118821817262,-0.8206693647187132,B,0.06352916111491054,Bom,0.0,0.0,0.0,1.0,0.0
626,1.1874615985374743,-0.16860256350995578,A,-0.8519695918540341,Ruim,0.0,0.0,0.0,1.0,0.0
627,-0.02078774090565627,0.32472876238108533,A,0.4365101345467027,Ruim,1.0,0.0,0.0,0.0,0.0
628,-1.4706869482374134,-1.5037327716457736,B,1.5215456936210074,Regular,0.0,1.0,0.0,0.0,0.0
629,0.8853992636766919,-1.3190871616728113,A,-0.2077297286536656,Ruim,0.0,0.0,0.0,1.0,0.0
630,-1.2290370803487871,-1.2098716360344306,A,0.5721395794309909,Ruim,0.0,0.0,1.0,0.0,0.0
631,0.4020995278994395,-0.33006782303407267,A,-1.4283947326122588,Ruim,0.0,0.0,1.0,0.0,0.0
632,-0.38326254273859545,0.6065783106535465,A,-1.4623020938333307,Ruim,0.0,1.0,0.0,0.0,0.0
633,-0.2020251418221259,-0.6167569002388252,B,-0.648525424527602,Bom,0.0,0.0,1.0,0.0,0.0
634,-1.6519243491538829,-1.5006862573151298,B,0.06352916111491054,Bom,0.0,0.0,0.0,1.0,0.0
635,-0.443675009710752,1.1329623039168752,A,-1.5164413911890214e-17,Bom,0.0,1.0,0.0,0.0,0.0
636,1.61034886734257,0.9238640546909054,B,-0.818062230632962,Bom,0.0,1.0,0.0,0.0,0.0
637,0.03962472606650026,0.6711241521592644,A,-0.2416370898747378,Regular,0.0,0.0,1.0,0.0,0.0
638,-0.5644999436550651,1.0060286803960459,B,-0.03819292254830549,Bom,1.0,0.0,0.0,0.0,0.0
639,-1.4706869482374134,-0.3074806705297848,B,-1.0215063979593944,Regular,1.0,0.0,0.0,0.0,0.0
640,1.006224197621005,-1.2374191043827973,A,1.6571751385052955,Ruim,0.0,0.0,0.0,1.0,0.0
641,-0.8061498115436911,-0.5936973367017679,A,0.36869541210455853,Bom,0.0,0.0,1.0,0.0,0.0
642,2.033236136147666,8.28544786249041,A,2.742210697579601,Bom,0.0,1.0,0.0,0.0,0.0
643,0.5833369288159092,-1.4258869490754393,B,-0.682432785748674,Ruim,0.0,1.0,0.0,0.0,0.0
644,0.22086212698296986,1.2237135369733194,A,0.9451205528627831,Ruim,0.0,1.0,0.0,0.0,0.0
645,1.006224197621005,0.9345443018465275,A,-0.1399150062115218,Bom,0.0,0.0,1.0,0.0,0.0
646,-0.14161267484996937,-1.378213697069657,A,0.7755837467574229,Bom,1.0,0.0,0.0,0.0,0.0
647,-1.2894495473209437,1.2286255380526836,B,-0.682432785748674,Regular,0.0,0.0,0.0,1.0,0.0
648,0.7041618627602223,-0.17519484473996533,B,-1.6657462611597629,Ruim,0.0,0.0,0.0,1.0,0.0
649,-0.14161267484996937,1.3342979809452935,B,1.080749997747071,Bom,0.0,0.0,1.0,0.0,0.0
650,1.247874065509631,0.6983709953049599,B,-1.5979315387176187,Ruim,0.0,0.0,0.0,1.0,0.0
651,0.03962472606650026,0.34572421180337165,B,-1.5164413911890214e-17,Regular,0.0,1.0,0.0,0.0,0.0
652,-0.02078774090565627,1.4765124908840566,B,1.5893604160631511,Ruim,0.0,0.0,0.0,1.0,0.0
653,1.368698999453944,1.0011596257742066,B,1.2841941650735036,Bom,0.0,1.0,0.0,0.0,0.0
654,-0.9873872124601608,0.7354847870669073,B,-1.6996536223808347,Regular,0.0,1.0,0.0,0.0,0.0
655,0.7645743297323787,-1.3574544531637553,B,0.9112131916417111,Ruim,1.0,0.0,0.0,0.0,0.0
656,1.006224197621005,0.2514406326155382,B,-1.0215063979593944,Ruim,0.0,1.0,0.0,0.0,0.0
657,-0.38326254273859545,-0.1787057176425926,A,-0.682432785748674,Regular,1.0,0.0,0.0,0.0,0.0
658,-0.02078774090565627,-0.8906720904836366,A,0.30088068966241477,Ruim,0.0,1.0,0.0,0.0,0.0
659,0.1000371930386568,0.7612553457351984,A,0.6060469406520629,Bom,0.0,0.0,0.0,1.0,0.0
660,0.8853992636766919,-0.46463517937988075,B,0.6060469406520629,Ruim,1.0,0.0,0.0,0.0,0.0
661,-0.9269747454880043,0.46574345566275804,A,0.7416763855363511,Regular,0.0,1.0,0.0,0.0,0.0
662,1.4291114664261007,-1.28595128553907,B,-0.2755444510958097,Regular,1.0,0.0,0.0,0.0,0.0
663,0.6437493957880657,0.2664235779843958,A,0.06352916111491054,Ruim,0.0,0.0,0.0,1.0,0.0
664,0.9458117306488484,-0.8579307849284012,B,0.7416763855363511,Regular,0.0,0.0,1.0,0.0,0.0
665,-1.6431300764452314e-16,0.3839975579184807,A,1.0129352753049272,Bom,0.0,0.0,1.0,0.0,0.0
666,0.16044966001081334,0.7822695842326521,A,-0.3772665347590259,Ruim,0.0,0.0,0.0,1.0,0.0
667,1.5499364003704135,-1.3372535132056718,A,0.6060469406520629,Ruim,0.0,1.0,0.0,0.0,0.0
668,-0.02078774090565627,0.683522257615866,A,-0.8519695918540341,Bom,0.0,0.0,1.0,0.0,0.0
669,-0.8665622785158477,-0.4000920220277584,A,0.5043248569888469,Ruim,0.0,1.0,0.0,0.0,0.0
670,0.6437493957880657,-0.06179472364654184,B,-1.5640241774965467,Regular,0.0,1.0,0.0,0.0,0.0
671,1.4895239333982573,-1.193560034635909,A,0.8433984691995671,Bom,0.0,1.0,0.0,0.0,0.0
672,0.16044966001081334,0.8633014971205842,A,-0.8858769530751062,Bom,0.0,0.0,1.0,0.0,0.0
673,-0.6853248775993782,0.6705041126787542,A,0.6738616630942069,Regular,0.0,0.0,1.0,0.0,0.0
674,0.8249867967045352,1.475063047942605,B,0.36869541210455853,Bom,0.0,0.0,0.0,1.0,0.0
675,-0.7457373445715347,-1.261933479168497,B,0.7755837467574229,Bom,0.0,0.0,0.0,1.0,0.0
676,-0.2020251418221259,1.0905929394153682,B,0.6399543018731351,Regular,1.0,0.0,0.0,0.0,0.0
677,-0.7457373445715347,-1.554533062590058,B,0.16525124477812653,Bom,0.0,0.0,0.0,1.0,0.0
678,1.247874065509631,-0.38857700310400384,A,-0.8519695918540341,Bom,0.0,0.0,1.0,0.0,0.0
679,-0.9873872124601608,-0.741484149504334,B,0.8094911079784951,Regular,0.0,1.0,0.0,0.0,0.0
680,-1.5915118821817262,0.1382445071953558,A,-1.1571358428436824,Ruim,0.0,0.0,0.0,1.0,0.0
681,-0.02078774090565627,0.616399628658679,B,0.5721395794309909,Bom,0.0,0.0,0.0,1.0,0.0
682,0.5229244618437526,-0.4460339949645847,A,0.6399543018731351,Bom,0.0,1.0,0.0,0.0,0.0
683,0.5229244618437526,1.1539523850319713,A,-1.1232284816226104,Bom,1.0,0.0,0.0,0.0,0.0
684,1.61034886734257,1.1540624353293778,B,0.19915860599919843,Bom,1.0,0.0,0.0,0.0,0.0
685,0.5833369288159092,-1.4142726164686594,B,0.9112131916417111,Ruim,0.0,0.0,1.0,0.0,0.0
686,-0.2624376087942824,0.8598362548290768,B,-1.6996536223808347,Bom,0.0,1.0,0.0,0.0,0.0
687,0.9458117306488484,0.557831397209652,B,1.0129352753049272,Ruim,0.0,0.0,1.0,0.0,0.0
688,-1.5915118821817262,0.7137780369418717,A,1.046842636525999,Ruim,0.0,1.0,0.0,0.0,0.0
689,0.8249867967045352,-0.636528375621664,A,-0.7502475081908181,Ruim,0.0,0.0,0.0,1.0,0.0
690,-0.5644999436550651,1.4595325352403101,A,1.3859162487367191,Ruim,0.0,1.0,0.0,0.0,0.0
691,0.16044966001081334,0.09717158888036898,A,-1.2249505652858266,Ruim,0.0,1.0,0.0,0.0,0.0
692,0.8853992636766919,-0.6731187574325318,A,0.2669733284413426,Ruim,0.0,1.0,0.0,0.0,0.0
693,0.5229244618437526,-0.8143642879233985,A,1.4876383323999356,Bom,0.0,1.0,0.0,0.0,0.0
694,1.0666366645931613,-1.351908991835905,B,0.3347880508834867,Bom,1.0,0.0,0.0,0.0,0.0
695,1.0666366645931613,1.0228126928273369,A,0.7416763855363511,Ruim,0.0,1.0,0.0,0.0,0.0
696,1.61034886734257,0.857125259697843,A,-1.1910432040647545,Bom,0.0,0.0,0.0,1.0,0.0
697,-0.9873872124601608,1.130224467249689,B,1.3181015262945754,Regular,0.0,0.0,1.0,0.0,0.0
698,-0.6249124106272216,0.8081099308944205,A,1.1146573589681434,Regular,0.0,0.0,0.0,1.0,0.0
699,0.22086212698296986,0.17605886304567187,A,-1.5640241774965467,Regular,0.0,1.0,0.0,0.0,0.0
700,-0.02078774090565627,0.9206779643733068,B,-1.0554137591804664,Bom,1.0,0.0,0.0,0.0,0.0
701,1.368698999453944,1.304756186475633,B,-1.0554137591804664,Regular,0.0,1.0,0.0,0.0,0.0
702,0.1000371930386568,-1.156757604691014,B,-1.2588579265068987,Bom,0.0,1.0,0.0,0.0,0.0
703,-1.0477996794323174,-0.6748070900439634,B,0.7077690243152789,Bom,0.0,1.0,0.0,0.0,0.0
704,-1.1686246133766305,-0.0019622558541371204,A,1.080749997747071,Ruim,1.0,0.0,0.0,0.0,0.0
705,1.368698999453944,1.465158521176019,A,1.6910824997263676,Regular,0.0,1.0,0.0,0.0,0.0
706,0.1000371930386568,-0.4898071717964241,A,-1.3944873713911865,Ruim,0.0,0.0,0.0,1.0,0.0
707,-1.108212146404474,-0.9699324619986835,B,-0.818062230632962,Bom,1.0,0.0,0.0,0.0,0.0
708,0.8249867967045352,0.3278772745483496,A,-0.03819292254830549,Ruim,0.0,0.0,1.0,0.0,0.0
709,1.4895239333982573,-1.2612892823056296,B,1.046842636525999,Regular,1.0,0.0,0.0,0.0,0.0
710,-1.2894495473209437,0.46171185696264616,B,-1.3944873713911865,Regular,1.0,0.0,0.0,0.0,0.0
711,-0.9873872124601608,-0.0019622558541371204,B,-0.03819292254830549,Bom,0.0,1.0,0.0,0.0,0.0
712,1.4895239333982573,-0.08505559870324528,B,-0.9875990367383222,Ruim,1.0,0.0,0.0,0.0,0.0
713,-1.108212146404474,0.47689074554395894,B,-1.5640241774965467,Bom,0.0,0.0,1.0,0.0,0.0
714,-0.8665622785158477,-1.52415381219867,B,-1.2927652877279705,Bom,0.0,1.0,0.0,0.0,0.0
715,-0.6853248775993782,0.19388969537912235,A,0.9451205528627831,Regular,0.0,0.0,0.0,1.0,0.0
716,0.16044966001081334,1.2164099550405607,B,-1.0554137591804664,Bom,0.0,0.0,0.0,1.0,0.0
717,-0.5644999436550651,-0.5526136817724,A,1.2841941650735036,,0.0,1.0,0.0,0.0,0.0
718,0.9458117306488484,-0.18286078740808742,A,-0.4450812572011698,Bom,0.0,1.0,0.0,0.0,0.0
719,1.3082865324817876,-1.1517033434711001,B,-0.6146180633065299,Regular,0.0,1.0,0.0,0.0,0.0
720,-1.5915118821817262,0.770502254870941,A,-0.9536916755172501,Regular,0.0,0.0,1.0,0.0,0.0
721,0.5229244618437526,0.5848017725350335,B,1.046842636525999,Bom,0.0,0.0,0.0,1.0,0.0
722,0.03962472606650026,-1.5122898533075289,A,-0.648525424527602,Regular,0.0,0.0,0.0,1.0,0.0
723,0.7645743297323787,-0.5602554670581643,B,-0.1399150062115218,Ruim,0.0,0.0,0.0,1.0,0.0
724,2.1540610700919793,-1.740161072778893,A,2.4370444465899523,Regular,0.0,0.0,1.0,0.0,0.0
725,0.22086212698296986,1.5455542896618697,B,-1.2249505652858266,Ruim,0.0,1.0,0.0,0.0,0.0
726,-0.8061498115436911,0.9356018583630683,A,0.19915860599919843,Bom,1.0,0.0,0.0,0.0,0.0
727,0.28127459395512644,1.0356241579376122,B,-0.6146180633065299,Regular,0.0,0.0,0.0,0.0,1.0
728,-1.4102744812652568,0.645485117017142,A,0.4365101345467027,Ruim,0.0,1.0,0.0,0.0,0.0
729,-1.5310994152095696,1.54426858008973,B,-1.0215063979593944,Regular,0.0,0.0,1.0,0.0,0.0
730,-1.0477996794323174,-0.002018623079638027,B,0.19915860599919843,Regular,0.0,0.0,0.0,1.0,0.0
731,1.3082865324817876,0.7184484641976602,B,-0.546803340864386,Ruim,0.0,0.0,0.0,1.0,0.0
732,0.16044966001081334,0.7780339898592988,B,0.9112131916417111,Ruim,1.0,0.0,0.0,0.0,0.0
733,-0.7457373445715347,-0.583086877539623,B,0.6399543018731351,Bom,1.0,0.0,0.0,0.0,0.0
734,0.5833369288159092,-0.958857644264555,B,-0.07210028376937769,Ruim,0.0,0.0,0.0,1.0,0.0
735,1.368698999453944,0.21714251797504003,A,-1.5640241774965467,Bom,0.0,1.0,0.0,0.0,0.0
736,1.006224197621005,0.23521760828566077,A,1.3520088875156473,Bom,0.0,0.0,0.0,1.0,0.0
737,1.1874615985374743,1.4372030614811693,B,0.5721395794309909,Ruim,0.0,0.0,1.0,0.0,0.0
738,1.247874065509631,-0.5564010224953411,B,-1.4283947326122588,Regular,0.0,1.0,0.0,0.0,0.0
739,-0.443675009710752,0.37993643352882106,B,0.5721395794309909,Ruim,0.0,0.0,0.0,1.0,0.0
740,-0.9269747454880043,-0.5392814908646402,B,-0.78415486941189,Bom,1.0,0.0,0.0,0.0,0.0
741,1.61034886734257,1.4179335228206482,B,-0.4450812572011698,Ruim,1.0,0.0,0.0,0.0,0.0
742,0.7645743297323787,-1.1731309416222269,A,-1.0893211204015385,Bom,1.0,0.0,0.0,0.0,0.0
743,1.127049131565318,0.056461031300744924,A,1.3181015262945754,Bom,1.0,0.0,0.0,0.0,0.0
744,-0.9269747454880043,0.3296595525356164,A,-1.2927652877279705,Regular,0.0,1.0,0.0,0.0,0.0
745,-1.0477996794323174,0.653105429074144,B,-0.10600764499044958,Ruim,0.0,0.0,0.0,1.0,0.0
746,1.247874065509631,1.3407453178811581,A,0.4365101345467027,Regular,0.0,1.0,0.0,0.0,0.0
747,0.9458117306488484,1.4409742972825388,A,1.6232677772842237,Ruim,1.0,0.0,0.0,0.0,0.0
748,-1.2894495473209437,-0.515556257235953,A,0.40260277332563077,Regular,1.0,0.0,0.0,0.0,0.0
749,0.4020995278994395,1.0977462087467913,B,-0.9536916755172501,Bom,1.0,0.0,0.0,0.0,0.0
750,0.7041618627602223,1.3719459192727022,A,0.6738616630942069,Regular,1.0,0.0,0.0,0.0,0.0
751,0.03962472606650026,-1.0496571920857143,B,-0.78415486941189,Ruim,0.0,1.0,0.0,0.0,0.0
752,1.368698999453944,0.13276883386098304,A,-0.7502475081908181,Bom,0.0,1.0,0.0,0.0,0.0
753,0.34168706092728296,-0.9129398287100862,A,1.5215456936210074,Bom,0.0,1.0,0.0,0.0,0.0
754,-1.1686246133766305,-0.4169619273740984,A,-0.7502475081908181,Ruim,1.0,0.0,0.0,0.0,0.0
755,-0.02078774090565627,0.6681823198188364,A,-1.3605800101701147,Ruim,1.0,0.0,0.0,0.0,0.0
756,1.006224197621005,-1.2345765857253952,A,1.3181015262945754,Regular,0.0,0.0,0.0,1.0,0.0
757,-1.5310994152095696,-0.8569859628628624,B,-0.4450812572011698,Regular,0.0,1.0,0.0,0.0,0.0
758,-0.5040874766829085,-0.8570718557779115,B,-1.2927652877279705,Regular,1.0,0.0,0.0,0.0,0.0
759,1.368698999453944,0.3796089667901965,B,-0.580710702085458,Bom,1.0,0.0,0.0,0.0,0.0
760,0.22086212698296986,-0.0019622558541371204,B,-0.30945181231688196,Ruim,0.0,0.0,1.0,0.0,0.0
761,-0.9269747454880043,-0.2552577781800012,A,-1.0215063979593944,Ruim,1.0,0.0,0.0,0.0,0.0
762,0.8853992636766919,0.05833188635665547,A,0.6399543018731351,Bom,0.0,0.0,0.0,1.0,0.0
763,1.5499364003704135,-0.5754289873322869,A,0.9451205528627831,Regular,0.0,0.0,0.0,1.0,0.0
764,-0.9269747454880043,-0.8513814501559162,B,0.5382322182099187,Regular,0.0,0.0,1.0,0.0,0.0
765,0.6437493957880657,-0.6269593680544877,B,1.1146573589681434,Regular,0.0,0.0,1.0,0.0,0.0
766,0.7041618627602223,-0.3889823102968913,A,1.3520088875156473,Bom,0.0,0.0,1.0,0.0,0.0
767,0.8853992636766919,-0.503281622844734,B,-1.1571358428436824,Regular,0.0,1.0,0.0,0.0,0.0
768,0.5833369288159092,-0.20816967165799016,B,-0.3772665347590259,Ruim,1.0,0.0,0.0,0.0,0.0
769,0.6437493957880657,-0.839614120794205,B,1.5893604160631511,Regular,1.0,0.0,0.0,0.0,0.0
770,0.8853992636766919,-1.4222257635714763,B,-1.5640241774965467,Ruim,1.0,0.0,0.0,0.0,0.0
771,-0.38326254273859545,-1.5416169154895667,A,0.8773058304206389,Regular,0.0,1.0,0.0,0.0,0.0
772,1.4895239333982573,0.9818444565025657,B,-0.5128959796433139,,0.0,1.0,0.0,0.0,0.0
773,-0.08120020787781282,0.07588356671619678,B,1.4876383323999356,Ruim,1.0,0.0,0.0,0.0,0.0
774,0.462511994871596,-0.8614819201349577,A,-1.5979315387176187,Bom,1.0,0.0,0.0,0.0,0.0
775,0.9458117306488484,0.14587287171314386,B,-0.78415486941189,Bom,0.0,0.0,1.0,0.0,0.0
776,-1.4102744812652568,-0.06435809033003481,A,-1.1910432040647545,Bom,0.0,0.0,1.0,0.0,0.0
777,0.7041618627602223,-0.3192694731202581,B,0.40260277332563077,Regular,0.0,1.0,0.0,0.0,0.0
778,-1.4102744812652568,-1.1934419318777167,A,1.6232677772842237,Bom,0.0,0.0,1.0,0.0,0.0
779,-1.5310994152095696,0.3983067807349231,A,1.5893604160631511,Bom,0.0,0.0,0.0,1.0,0.0
780,1.3082865324817876,-0.7740697741510428,A,1.5893604160631511,Bom,0.0,0.0,0.0,1.0,0.0
781,-1.6431300764452314e-16,-0.740995633549993,A,-1.1910432040647545,Bom,0.0,0.0,1.0,0.0,0.0
782,1.247874065509631,1.278056910663375,A,-0.78415486941189,Regular,1.0,0.0,0.0,0.0,0.0
783,0.28127459395512644,-0.2823086781132414,A,0.6399543018731351,Ruim,0.0,1.0,0.0,0.0,0.0
784,-1.5915118821817262,0.019567340133610257,B,-0.17382236743259372,Regular,0.0,0.0,0.0,0.0,1.0
785,-0.7457373445715347,0.6154923847434743,B,1.3859162487367191,Regular,0.0,0.0,1.0,0.0,0.0
786,1.1874615985374743,1.443220933841789,A,1.0129352753049272,Bom,0.0,1.0,0.0,0.0,0.0
787,0.28127459395512644,-0.6436923815674683,B,-0.716340146969746,Bom,1.0,0.0,0.0,0.0,0.0
788,0.16044966001081334,-1.1273607545154987,B,1.2163794426313592,Ruim,1.0,0.0,0.0,0.0,0.0
789,-1.6519243491538829,-0.4769634968430056,B,1.2841941650735036,Ruim,0.0,0.0,1.0,0.0,0.0
790,-0.9269747454880043,-1.4779541605166966,A,1.5554530548420793,Ruim,0.0,0.0,1.0,0.0,0.0
791,-0.8061498115436911,-0.5265129722118892,A,-1.6996536223808347,Ruim,0.0,0.0,1.0,0.0,0.0
792,-1.4706869482374134,0.5813257936291446,B,-0.716340146969746,Ruim,1.0,0.0,0.0,0.0,0.0
793,0.9458117306488484,-0.9968706274809218,B,0.09743652233598243,Regular,0.0,0.0,1.0,0.0,0.0
794,-0.5644999436550651,-1.5347105882889094,B,-0.17382236743259372,Ruim,0.0,1.0,0.0,0.0,0.0
795,-0.08120020787781282,0.5241721111248303,A,-0.2416370898747378,Bom,0.0,0.0,1.0,0.0,0.0
796,1.0666366645931613,1.4789497023485714,B,0.16525124477812653,Regular,0.0,1.0,0.0,0.0,0.0
797,1.0666366645931613,-1.334166736571099,B,-1.2249505652858266,Bom,0.0,0.0,0.0,1.0,0.0
798,0.7041618627602223,0.009442712772210978,B,-0.682432785748674,Regular,0.0,0.0,0.0,1.0,0.0
799,-0.5644999436550651,-0.9030406702506906,A,-1.6657462611597629,Regular,1.0,0.0,0.0,0.0,0.0
800,-0.6853248775993782,1.5108025530637688,A,0.09743652233598243,Regular,0.0,0.0,1.0,0.0,0.0
801,1.247874065509631,0.9784409497437501,A,1.250286803852431,Ruim,0.0,0.0,1.0,0.0,0.0
802,-0.2020251418221259,-1.5032872021489567,B,-0.3772665347590259,Regular,0.0,0.0,0.0,1.0,0.0
803,-0.8665622785158477,-0.20093856187230352,A,-0.1399150062115218,Bom,0.0,0.0,1.0,0.0,0.0
804,0.6437493957880657,0.24326201661071742,A,-0.78415486941189,Ruim,0.0,1.0,0.0,0.0,0.0
805,0.5229244618437526,-1.2788194894364087,B,-1.4623020938333307,Ruim,0.0,1.0,0.0,0.0,0.0
806,1.5499364003704135,-0.618855908350335,A,0.9790279140838553,Bom,0.0,1.0,0.0,0.0,0.0
807,0.6437493957880657,0.07587819840900635,A,1.4537309711788635,Ruim,1.0,0.0,0.0,0.0,0.0
808,-0.322850075766439,0.09007737092804173,B,-0.8858769530751062,Bom,1.0,0.0,0.0,0.0,0.0
809,-1.0477996794323174,-0.3956551161347593,B,0.7416763855363511,Bom,0.0,0.0,1.0,0.0,0.0
810,-0.2624376087942824,1.4783216104072756,A,-0.1399150062115218,Ruim,0.0,1.0,0.0,0.0,0.0
811,-1.6519243491538829,0.9124590860645568,A,1.1824720814102871,Ruim,0.0,0.0,0.0,1.0,0.0
812,-1.4706869482374134,-0.6561039077920467,B,-1.4962094550544027,Bom,0.0,0.0,1.0,0.0,0.0
813,0.28127459395512644,0.6697283922897181,B,-1.0554137591804664,Ruim,0.0,0.0,0.0,1.0,0.0
814,0.7041618627602223,0.25078838329188485,A,-0.07210028376937769,Regular,1.0,0.0,0.0,0.0,0.0
815,-0.38326254273859545,-0.6313399067219859,B,-0.07210028376937769,Ruim,0.0,1.0,0.0,0.0,0.0
816,-0.5040874766829085,-1.5087306656401864,B,0.5043248569888469,Bom,1.0,0.0,0.0,0.0,0.0
817,0.5833369288159092,-1.365214341207712,A,-1.6318388999386908,Regular,0.0,0.0,1.0,0.0,0.0
818,0.5833369288159092,0.6373977622345611,A,-1.6996536223808347,Bom,0.0,0.0,1.0,0.0,0.0
819,0.6437493957880657,-1.4054014888362565,A,-1.1232284816226104,Ruim,1.0,0.0,0.0,0.0,0.0
820,-0.443675009710752,0.8562394890114006,A,0.9790279140838553,Regular,0.0,0.0,0.0,1.0,0.0
821,-1.2290370803487871,0.32063811230187744,B,0.3347880508834867,Regular,1.0,0.0,0.0,0.0,0.0
822,-1.0477996794323174,-1.359212573768664,B,0.7416763855363511,Regular,0.0,0.0,1.0,0.0,0.0
823,1.5499364003704135,-1.0641033067355157,A,-0.30945181231688196,Regular,0.0,0.0,1.0,0.0,0.0
824,-0.6853248775993782,1.354488184288996,B,-0.648525424527602,Bom,0.0,0.0,1.0,0.0,0.0
825,-1.5310994152095696,0.5737511121832624,B,1.6232677772842237,Regular,0.0,1.0,0.0,0.0,0.0
826,-0.08120020787781282,1.3500405417816157,B,-1.5979315387176187,Regular,0.0,1.0,0.0,0.0,0.0
827,-0.9269747454880043,0.08360587660981979,A,-0.10600764499044958,Regular,0.0,0.0,1.0,0.0,0.0
828,-1.3498620142931002,0.5991297844266422,A,-1.2927652877279705,Ruim,1.0,0.0,0.0,0.0,0.0
829,-1.2894495473209437,1.36595220429444,B,-1.3266726489490426,Regular,0.0,0.0,0.0,1.0,0.0
830,-0.2020251418221259,-0.3713098430255624,B,-1.2927652877279705,Bom,0.0,0.0,0.0,1.0,0.0
831,0.7041618627602223,0.536881578398485,B,0.40260277332563077,Bom,1.0,0.0,0.0,0.0,0.0
832,0.462511994871596,1.2119837857619427,B,1.6232677772842237,Regular,1.0,0.0,0.0,0.0,0.0
833,0.5833369288159092,1.4639774935940955,A,-0.716340146969746,Regular,0.0,1.0,0.0,0.0,0.0
834,-1.6431300764452314e-16,-1.2126228934695935,B,-1.2249505652858266,Ruim,0.0,0.0,1.0,0.0,0.0
835,1.368698999453944,1.0173128621106067,A,0.6738616630942069,Bom,0.0,0.0,0.0,1.0,0.0
836,0.5229244618437526,-0.0019622558541371204,B,-1.4283947326122588,Regular,0.0,0.0,0.0,1.0,0.0
837,1.1874615985374743,-0.0019622558541371204,A,-1.6657462611597629,Bom,0.0,0.0,0.0,1.0,0.0
838,-1.4102744812652568,0.766328396030279,A,-0.4450812572011698,Bom,0.0,0.0,0.0,0.0,1.0
839,-0.2624376087942824,0.8005567226773,B,-0.648525424527602,Bom,0.0,0.0,1.0,0.0,0.0
840,0.6437493957880657,0.14699484791597134,A,-0.5128959796433139,Bom,0.0,0.0,1.0,0.0,0.0
841,0.03962472606650026,-0.5458576671730782,A,0.40260277332563077,Ruim,0.0,1.0,0.0,0.0,0.0
842,-0.7457373445715347,0.6927503776764418,B,-0.2416370898747378,Regular,0.0,0.0,0.0,1.0,0.0
843,1.0666366645931613,0.5405615529776153,B,1.5554530548420793,Ruim,0.0,0.0,1.0,0.0,0.0
844,0.9458117306488484,-0.7700193863757644,A,1.0129352753049272,Bom,1.0,0.0,0.0,0.0,0.0
845,-0.6249124106272216,0.5022935751696969,B,0.8094911079784951,Bom,0.0,0.0,0.0,1.0,0.0
846,-1.2290370803487871,0.8892116317758301,A,0.2669733284413426,Bom,1.0,0.0,0.0,0.0,0.0
847,0.9458117306488484,0.7813301304743038,A,1.6910824997263676,Regular,0.0,1.0,0.0,0.0,0.0
848,1.006224197621005,-0.9299949406545004,B,1.4876383323999356,Bom,1.0,0.0,0.0,0.0,0.0
849,0.9458117306488484,-1.2344504305064168,A,-0.1399150062115218,Ruim,0.0,0.0,1.0,0.0,0.0
850,-1.5310994152095696,-0.30796381817693536,A,-0.4450812572011698,Regular,0.0,1.0,0.0,0.0,0.0
851,-0.5644999436550651,1.2556334915283989,A,1.1824720814102871,Ruim,1.0,0.0,0.0,0.0,0.0
852,-1.4706869482374134,0.023435205464409862,A,-1.4962094550544027,Ruim,0.0,0.0,1.0,0.0,0.0
853,-1.108212146404474,-0.4042631967148248,B,-0.2416370898747378,Ruim,1.0,0.0,0.0,0.0,0.0
854,1.368698999453944,1.531371222064406,A,0.19915860599919843,Regular,1.0,0.0,0.0,0.0,0.0
855,-0.8061498115436911,-0.0019622558541371204,B,-0.546803340864386,Regular,0.0,0.0,0.0,1.0,0.0
856,-0.5040874766829085,-0.5331106217490896,B,0.5043248569888469,Bom,1.0,0.0,0.0,0.0,0.0
857,1.61034886734257,-0.9894194171004224,B,1.2841941650735036,Ruim,0.0,1.0,0.0,0.0,0.0
858,0.9458117306488484,-0.23643917732348754,B,-1.1910432040647545,Ruim,1.0,0.0,0.0,0.0,0.0
859,1.4895239333982573,-1.552699785684481,A,0.6399543018731351,Bom,0.0,0.0,0.0,1.0,0.0
860,-0.02078774090565627,0.5149547276786365,A,-0.8519695918540341,Regular,0.0,0.0,1.0,0.0,0.0
861,1.006224197621005,-1.577608731048687,B,-1.5640241774965467,Bom,0.0,0.0,0.0,1.0,0.0
862,-0.08120020787781282,-0.22474163595525382,A,0.30088068966241477,Bom,1.0,0.0,0.0,0.0,0.0
863,-1.108212146404474,-1.2526114137320867,A,-0.5128959796433139,Ruim,0.0,0.0,0.0,1.0,0.0
864,-1.108212146404474,-1.5086904033362571,A,-0.4789886184222419,Ruim,0.0,0.0,1.0,0.0,0.0
865,-0.14161267484996937,-0.6497236746960643,B,0.3347880508834867,Bom,1.0,0.0,0.0,0.0,0.0
866,0.8853992636766919,0.345632950581132,B,1.2841941650735036,Bom,0.0,0.0,1.0,0.0,0.0
867,-0.2020251418221259,-1.3643312546748647,B,-0.5128959796433139,Regular,0.0,1.0,0.0,0.0,0.0
868,-1.2290370803487871,0.22536676459098026,A,-0.5128959796433139,Bom,0.0,0.0,0.0,1.0,0.0
869,0.8249867967045352,-0.06837626826217025,B,0.23306596722027062,Ruim,0.0,0.0,1.0,0.0,0.0
870,0.462511994871596,0.6681017952109781,B,0.7077690243152789,Ruim,0.0,1.0,0.0,0.0,0.0
871,-1.108212146404474,-1.0570171412439744,A,-0.9875990367383222,Ruim,0.0,0.0,0.0,1.0,0.0
872,-0.08120020787781282,1.4425525795965641,B,-1.4623020938333307,Regular,0.0,0.0,1.0,0.0,0.0
873,-0.02078774090565627,0.37870440702858715,A,0.30088068966241477,Regular,0.0,1.0,0.0,0.0,0.0
874,0.4020995278994395,0.9780168534756958,A,0.02962179989383832,Bom,0.0,0.0,1.0,0.0,0.0
875,-1.2894495473209437,-1.2242935933018744,B,1.0129352753049272,Bom,0.0,1.0,0.0,0.0,0.0
876,0.8249867967045352,0.9203961282458026,B,1.5554530548420793,Bom,1.0,0.0,0.0,0.0,0.0
877,0.5229244618437526,-1.3292627879525207,B,1.3181015262945754,,1.0,0.0,0.0,0.0,0.0
878,1.1874615985374743,-1.3350686121791133,B,-1.1910432040647545,Ruim,0.0,0.0,1.0,0.0,0.0
879,-0.6249124106272216,-0.06564379990217431,B,1.6571751385052955,Regular,1.0,0.0,0.0,0.0,0.0
880,-0.8665622785158477,-0.9555024522704539,A,-0.78415486941189,Regular,0.0,0.0,1.0,0.0,0.0
881,-1.0477996794323174,1.4052455287757557,A,-1.2249505652858266,Bom,0.0,0.0,0.0,0.0,1.0
882,-1.4102744812652568,0.2814226282748247,A,-1.3266726489490426,Bom,0.0,1.0,0.0,0.0,0.0
883,-0.7457373445715347,-0.2050184753371303,A,-0.41117389598009796,Bom,1.0,0.0,0.0,0.0,0.0
884,-0.02078774090565627,0.545827862331556,B,-0.004285561327233582,Ruim,0.0,1.0,0.0,0.0,0.0
885,-0.7457373445715347,1.2485231686545,B,-1.0893211204015385,Bom,1.0,0.0,0.0,0.0,0.0
886,-1.0477996794323174,-1.5124052719121257,A,0.30088068966241477,Ruim,0.0,1.0,0.0,0.0,0.0
887,1.61034886734257,-0.2260005039914404,B,-0.716340146969746,Bom,0.0,0.0,1.0,0.0,0.0
888,-1.5310994152095696,1.4370044341151187,A,-0.7502475081908181,Ruim,1.0,0.0,0.0,0.0,0.0
889,-0.443675009710752,1.0333318907672426,A,-0.17382236743259372,Bom,1.0,0.0,0.0,0.0,0.0
890,-0.02078774090565627,0.2565244195249999,B,1.6571751385052955,,0.0,0.0,1.0,0.0,0.0
891,-1.0477996794323174,-0.24930700965926364,A,-0.7502475081908181,Regular,0.0,0.0,1.0,0.0,0.0
892,-1.0477996794323174,-0.6600388769627283,B,-1.3605800101701147,Ruim,0.0,0.0,0.0,1.0,0.0
893,-0.6853248775993782,1.4126001096268255,A,-0.9875990367383222,Bom,0.0,1.0,0.0,0.0,0.0
894,-1.4706869482374134,1.0231133180300083,A,-0.10600764499044958,Ruim,0.0,0.0,0.0,1.0,0.0
895,1.247874065509631,0.6174679217896011,A,-1.1571358428436824,Bom,1.0,0.0,0.0,0.0,0.0
896,1.368698999453944,-0.03725887563207976,A,0.7077690243152789,Regular,0.0,1.0,0.0,0.0,0.0
897,-1.4102744812652568,-1.347855919907031,A,0.7755837467574229,Regular,0.0,0.0,0.0,1.0,0.0
898,-0.7457373445715347,1.3607127364764517,A,0.6060469406520629,Ruim,0.0,0.0,0.0,1.0,0.0
899,0.4020995278994395,-1.0789574127317998,B,-0.30945181231688196,Ruim,0.0,0.0,1.0,0.0,0.0
900,-1.3498620142931002,-0.4975429024580236,A,1.2841941650735036,Regular,0.0,0.0,1.0,0.0,0.0
901,-1.5310994152095696,0.9601913894494354,B,1.4876383323999356,Regular,0.0,0.0,0.0,1.0,0.0
902,-0.02078774090565627,0.05523974141489211,B,0.19915860599919843,Regular,0.0,0.0,1.0,0.0,0.0
903,-1.2290370803487871,-0.8388410845587642,B,0.40260277332563077,Regular,1.0,0.0,0.0,0.0,0.0
904,-0.8665622785158477,1.0735619848533111,A,1.4198236099577912,Regular,0.0,0.0,0.0,1.0,0.0
905,1.006224197621005,1.258446484496253,A,-1.4623020938333307,Regular,0.0,0.0,1.0,0.0,0.0
906,-0.8665622785158477,-0.6417597909788662,B,-1.6657462611597629,Regular,0.0,0.0,0.0,1.0,0.0
907,0.22086212698296986,-0.7003656005782274,,0.2669733284413426,Regular,1.0,0.0,0.0,0.0,0.0
908,1.247874065509631,0.17903290522924298,A,0.16525124477812653,Regular,0.0,0.0,0.0,1.0,0.0
909,-0.2020251418221259,1.0663120859924575,B,1.2841941650735036,Regular,1.0,0.0,0.0,0.0,0.0
910,-0.38326254273859545,0.63877473302894,B,-0.17382236743259372,Bom,0.0,0.0,0.0,1.0,0.0
911,-0.5040874766829085,-0.2005520437545832,B,1.6910824997263676,Bom,0.0,1.0,0.0,0.0,0.0
912,0.8249867967045352,-0.045190549506134596,A,-1.5164413911890214e-17,Bom,0.0,0.0,1.0,0.0,0.0
913,-0.08120020787781282,0.8993792055947536,A,0.23306596722027062,Bom,0.0,0.0,0.0,1.0,0.0
914,-0.7457373445715347,1.3433892091725097,B,-1.0554137591804664,Ruim,1.0,0.0,0.0,0.0,0.0
915,-0.8061498115436911,-0.6048258375078022,B,-0.10600764499044958,Bom,1.0,0.0,0.0,0.0,0.0
916,-0.9873872124601608,-0.2827784049924155,B,-0.2755444510958097,Ruim,1.0,0.0,0.0,0.0,0.0
917,-0.08120020787781282,0.4162852415161138,B,1.080749997747071,Ruim,0.0,1.0,0.0,0.0,0.0
918,-0.2020251418221259,-0.6821401976662705,B,0.7416763855363511,Regular,0.0,0.0,1.0,0.0,0.0
919,-0.5644999436550651,-0.18826130444179237,B,0.02962179989383832,Ruim,0.0,1.0,0.0,0.0,0.0
920,0.5229244618437526,1.026798660916329,B,0.5721395794309909,Ruim,0.0,0.0,1.0,0.0,0.0
921,1.61034886734257,1.4802300436135205,A,1.1146573589681434,Regular,0.0,0.0,0.0,1.0,0.0
922,-0.322850075766439,1.114280594893721,B,0.6060469406520629,Bom,0.0,0.0,1.0,0.0,0.0
923,0.28127459395512644,0.9321124586892032,A,0.5043248569888469,Bom,0.0,0.0,1.0,0.0,0.0
924,-1.108212146404474,-0.6217199002364997,B,-0.004285561327233582,Bom,0.0,1.0,0.0,0.0,0.0
925,-0.322850075766439,1.5340070608949716,B,0.09743652233598243,Ruim,1.0,0.0,0.0,0.0,0.0
926,-1.2290370803487871,0.8009996080205213,A,0.40260277332563077,Ruim,0.0,0.0,0.0,1.0,0.0
927,-1.0477996794323174,-0.49529358174517824,B,0.6060469406520629,Ruim,0.0,0.0,0.0,1.0,0.0
928,-1.4706869482374134,0.5277420354065541,A,0.7077690243152789,Bom,0.0,1.0,0.0,0.0,0.0
929,0.8853992636766919,-1.1046179211026843,B,-1.2588579265068987,Ruim,0.0,0.0,1.0,0.0,0.0
930,-1.108212146404474,-0.546228080369227,B,-0.2077297286536656,Ruim,1.0,0.0,0.0,0.0,0.0
931,-0.02078774090565627,-1.168390726372961,B,-0.41117389598009796,Ruim,0.0,0.0,0.0,1.0,0.0
932,0.8249867967045352,-0.8756166729677066,A,-0.17382236743259372,Regular,0.0,0.0,0.0,1.0,0.0
933,-1.108212146404474,0.04932923519808365,B,-0.580710702085458,Ruim,0.0,0.0,0.0,1.0,0.0
934,1.006224197621005,-0.0019622558541371204,B,-1.0893211204015385,Regular,0.0,1.0,0.0,0.0,0.0
935,-1.0477996794323174,-0.0019622558541371204,A,0.16525124477812653,Regular,0.0,0.0,0.0,1.0,0.0
936,-1.1686246133766305,-0.7511122084506062,B,0.3347880508834867,Bom,1.0,0.0,0.0,0.0,0.0
937,-0.9269747454880043,-0.3344886240055002,A,1.0129352753049272,Bom,0.0,0.0,0.0,1.0,0.0
938,-0.5644999436550651,-0.7935191511024476,A,0.40260277332563077,Regular,0.0,1.0,0.0,0.0,0.0
939,0.9458117306488484,1.051747868584464,B,1.5554530548420793,Bom,1.0,0.0,0.0,0.0,0.0
940,0.6437493957880657,-0.6956388060969377,B,-0.10600764499044958,Ruim,0.0,0.0,0.0,1.0,0.0
941,-1.3498620142931002,0.20274471808995367,B,-0.8858769530751062,Ruim,1.0,0.0,0.0,0.0,0.0
942,0.5833369288159092,1.3528696396710416,A,-0.6146180633065299,Bom,0.0,1.0,0.0,0.0,0.0
943,0.8853992636766919,-0.666620421578357,B,0.23306596722027062,Bom,0.0,0.0,0.0,1.0,0.0
944,-0.02078774090565627,1.2738937884370944,A,-0.004285561327233582,Ruim,0.0,1.0,0.0,0.0,0.0
945,1.1874615985374743,0.1941285850491022,B,-0.716340146969746,Ruim,0.0,0.0,1.0,0.0,0.0
946,-0.08120020787781282,0.25878716100582166,B,1.250286803852431,Bom,0.0,0.0,0.0,1.0,0.0
947,1.0666366645931613,-0.876958749765347,B,-1.1910432040647545,Regular,0.0,0.0,0.0,1.0,0.0
948,-0.6249124106272216,1.1701861459762295,B,-1.0215063979593944,Ruim,1.0,0.0,0.0,0.0,0.0
949,1.3082865324817876,-1.3264363742166905,B,-0.580710702085458,Ruim,0.0,1.0,0.0,0.0,0.0
950,-0.9873872124601608,0.13590929356746154,A,1.5215456936210074,Regular,0.0,1.0,0.0,0.0,0.0
951,0.16044966001081334,-0.6178466665985094,A,-0.818062230632962,Regular,0.0,1.0,0.0,0.0,0.0
952,0.4020995278994395,-0.3390087386599531,A,-1.4283947326122588,Ruim,1.0,0.0,0.0,0.0,0.0
953,1.4291114664261007,-1.1319748145457862,A,0.9451205528627831,Ruim,0.0,1.0,0.0,0.0,0.0
954,0.8853992636766919,1.4372647970138608,B,-0.2416370898747378,Ruim,0.0,0.0,0.0,1.0,0.0
955,0.1000371930386568,-0.4558096823585974,A,1.4198236099577912,Regular,0.0,0.0,1.0,0.0,0.0
956,-0.5644999436550651,1.0894951205948982,B,-0.2416370898747378,Bom,0.0,1.0,0.0,0.0,0.0
957,-1.5915118821817262,0.6388015745648928,B,0.23306596722027062,Regular,0.0,1.0,0.0,0.0,0.0
958,1.127049131565318,-1.5766290149864097,A,-1.5640241774965467,Ruim,0.0,0.0,0.0,1.0,0.0
959,-1.6519243491538829,-0.847422323602877,B,-0.9197843142961782,Regular,0.0,0.0,0.0,1.0,0.0
960,-1.0477996794323174,1.1550555721596318,A,-0.10600764499044958,Bom,1.0,0.0,0.0,0.0,0.0
961,-0.9269747454880043,1.522196785075736,A,0.30088068966241477,Ruim,1.0,0.0,0.0,0.0,0.0
962,0.5833369288159092,-0.4684198359492268,,1.1485647201892153,Regular,0.0,0.0,0.0,1.0,0.0
963,0.8249867967045352,-0.34440388738646743,B,-1.4962094550544027,Ruim,0.0,0.0,0.0,1.0,0.0
964,0.16044966001081334,0.5785315897364574,A,-1.5979315387176187,Regular,0.0,1.0,0.0,0.0,0.0
965,1.1874615985374743,1.3274292318949699,A,-1.0893211204015385,Ruim,1.0,0.0,0.0,0.0,0.0
966,0.462511994871596,0.9279359156949459,B,-1.4283947326122588,Ruim,0.0,0.0,1.0,0.0,0.0
967,-1.3498620142931002,-0.5277127888689798,A,1.3181015262945754,Regular,0.0,0.0,0.0,1.0,0.0
968,0.7041618627602223,0.9926669637987383,B,-1.3266726489490426,Ruim,0.0,0.0,0.0,1.0,0.0
969,-1.2290370803487871,0.8039253354393777,A,0.19915860599919843,Regular,0.0,0.0,0.0,1.0,0.0
970,0.34168706092728296,-0.0602271779468978,B,1.2163794426313592,Ruim,0.0,0.0,1.0,0.0,0.0
971,1.0666366645931613,-1.490805887930901,B,-1.6318388999386908,Bom,1.0,0.0,0.0,0.0,0.0
972,-0.14161267484996937,1.50349897113101,A,-0.4789886184222419,Ruim,1.0,0.0,0.0,0.0,0.0
973,-0.8061498115436911,-1.2758293423312659,B,-1.6318388999386908,Ruim,0.0,0.0,0.0,1.0,0.0
974,0.34168706092728296,1.2874595007076433,B,-1.5164413911890214e-17,Bom,0.0,0.0,1.0,0.0,0.0
975,-1.2894495473209437,-0.13341867818301473,A,0.9451205528627831,Bom,0.0,0.0,0.0,1.0,0.0
976,0.22086212698296986,-1.4285630502099345,B,-1.2249505652858266,Regular,0.0,0.0,0.0,1.0,0.0
977,-0.443675009710752,-1.4251837008334758,B,-0.2755444510958097,Bom,0.0,0.0,1.0,0.0,0.0
978,1.61034886734257,-1.3741418360656161,A,1.1485647201892153,Bom,0.0,0.0,0.0,1.0,0.0
979,1.3082865324817876,0.19928752825923196,B,0.8433984691995671,Bom,0.0,0.0,0.0,1.0,0.0
980,-1.108212146404474,-0.28033314106711454,B,-1.6996536223808347,Bom,0.0,0.0,1.0,0.0,0.0
981,1.61034886734257,0.8753077161522752,B,-1.5979315387176187,Regular,1.0,0.0,0.0,0.0,0.0
982,0.5229244618437526,-1.094836865401481,B,0.23306596722027062,Ruim,1.0,0.0,0.0,0.0,0.0
983,-1.108212146404474,0.6099683966443864,B,-0.004285561327233582,Bom,0.0,0.0,0.0,1.0,0.0
984,0.28127459395512644,1.251945464488483,B,1.1824720814102871,Regular,1.0,0.0,0.0,0.0,0.0
985,0.1000371930386568,0.40164049950026137,B,1.1824720814102871,Regular,0.0,0.0,1.0,0.0,0.0
986,-1.5310994152095696,-1.2165712834082516,A,1.3181015262945754,Ruim,1.0,0.0,0.0,0.0,0.0
987,-1.3498620142931002,0.8067168551784697,A,-0.9536916755172501,Regular,0.0,0.0,1.0,0.0,0.0
988,1.61034886734257,0.6510815772633026,B,0.6060469406520629,Bom,0.0,1.0,0.0,0.0,0.0
989,-0.6853248775993782,0.7635825069023069,B,1.4198236099577912,Bom,1.0,0.0,0.0,0.0,0.0
990,-1.0477996794323174,0.4551491014221844,A,-0.3433591735379538,Ruim,0.0,0.0,1.0,0.0,0.0
991,-0.5644999436550651,0.20265077271411874,B,-1.3266726489490426,Bom,1.0,0.0,0.0,0.0,0.0
992,0.5833369288159092,0.6833236302498154,B,-1.3944873713911865,Regular,0.0,0.0,0.0,1.0,0.0
993,1.0666366645931613,-0.8071063366017593,A,1.2163794426313592,Regular,0.0,0.0,0.0,1.0,0.0
994,0.7041618627602223,0.6560928920256919,A,-0.7502475081908181,Ruim,1.0,0.0,0.0,0.0,0.0
995,1.3082865324817876,-0.023789792890960823,A,-0.07210028376937769,Regular,0.0,1.0,0.0,0.0,0.0
996,0.9458117306488484,1.3077731751167285,A,0.19915860599919843,Ruim,0.0,1.0,0.0,0.0,0.0
997,-0.7457373445715347,1.5444511025342091,A,-0.8519695918540341,Ruim,0.0,0.0,0.0,1.0,0.0
998,-1.5310994152095696,-1.3548830340194762,B,-1.6657462611597629,Regular,0.0,0.0,0.0,1.0,0.0
999,-1.5310994152095696,1.0958431438477372,B,1.4537309711788635,Ruim,1.0,0.0,0.0,0.0,0.0
1000,-0.02078774090565627,-0.8318059179855332,A,-0.4789886184222419,Bom,1.0,0.0,0.0,0.0,0.0
